algorithm,precision,dims,iterations,s,nx,ny,nz,substrate_step,init_time,time,std_dev
lstmfppai,S,3,100,1,64,64,64,1,189,23099.68,1738.098667
lstmfppai,S,3,100,1,64,64,64,1,179,22492.48,1278.373392
lstmfppai,S,3,100,1,64,64,64,1,176,23264.28,1258.173534
lstmfppai,S,3,100,1,64,64,64,1,178,22652.4,1330.547271
lstmfppai,S,3,100,1,64,64,64,1,156,20120.7,1480.092609
lstmfppai,S,3,100,1,50,50,50,1,182,18836.2,2438.494593
lstmfppai,S,3,100,1,50,50,50,1,190,18264.18,1109.346613
lstmfppai,S,3,100,1,50,50,50,1,180,18137.22,1214.214286
lstmfppai,S,3,100,1,50,50,50,1,200,18128.44,1194.598747
lstmfppai,S,3,100,1,50,50,50,1,180,17224.54,1119.419907
lstmfppai,S,3,100,1,288,288,288,1,45,187422.16,1676.319819
lstmfppai,S,3,100,1,288,288,288,1,49,188098.44,1935.493582
lstmfppai,S,3,100,1,288,288,288,1,47,191438.38,13504.90398
lstmfppai,S,3,100,1,288,288,288,1,48,189110.7,2060.042419
lstmfppai,S,3,100,1,288,288,288,1,48,188157.2,1555.827625
lstmfppai,S,3,100,1,192,192,192,1,167,187589.76,14528.6859
lstmfppai,S,3,100,1,192,192,192,1,3265,170057.14,10507.94778
lstmfppai,S,3,100,1,192,192,192,1,62,103044.96,25113.57927
lstmfppai,S,3,100,1,192,192,192,1,64,87702.46,1727.855737
lstmfppai,S,3,100,1,192,192,192,1,48,88286.68,2077.92802
lstmfppai,S,3,100,1,160,160,160,1,9525,177453.72,31407.46036
lstmfppai,S,3,100,1,160,160,160,1,123,131892.94,17828.64118
lstmfppai,S,3,100,1,160,160,160,1,106,107921.38,5025.919541
lstmfppai,S,3,100,1,160,160,160,1,77,109648.72,2369.705113
lstmfppai,S,3,100,1,160,160,160,1,64,69070.88,17010.90586
lstmfppai,S,3,100,1,350,350,350,1,60,410770.2,17438.29243
lstmfppai,S,3,100,1,350,350,350,1,55,406789.64,1879.925539
lstmfppai,S,3,100,1,350,350,350,1,51,402860.78,1677.544304
lstmfppai,S,3,100,1,350,350,350,1,59,405015.7,25308.11179
lstmfppai,S,3,100,1,350,350,350,1,54,429005.84,79539.85154
lstmfppai,S,3,100,1,96,96,96,1,232,51862.8,2648.64844
lstmfppai,S,3,100,1,96,96,96,1,179,42429.28,2766.547011
lstmfppai,S,3,100,1,96,96,96,1,159,39688.3,1566.571738
lstmfppai,S,3,100,1,96,96,96,1,145,38416.52,1773.537248
lstmfppai,S,3,100,1,96,96,96,1,133,34150.98,2833.203011
lstmfppai,S,3,100,1,128,128,128,1,41,25828.32,5802.551089
lstmfppai,S,3,100,1,128,128,128,1,43,23559.4,1235.324557
lstmfppai,S,3,100,1,128,128,128,1,42,24079.82,1730.897995
lstmfppai,S,3,100,1,128,128,128,1,44,23725,1125.646374
lstmfppai,S,3,100,1,128,128,128,1,42,23878.06,1149.511068
lstmfppai,S,3,100,1,150,150,150,1,201,122315.4,21087.36963
lstmfppai,S,3,100,1,150,150,150,1,135,97152.12,2863.491188
lstmfppai,S,3,100,1,150,150,150,1,128,93460.94,5242.337484
lstmfppai,S,3,100,1,150,150,150,1,83,78932,11425.74012
lstmfppai,S,3,100,1,150,150,150,1,63,59709.42,1634.211958
lstmfppai,S,3,100,1,250,250,250,1,178,251214.8,156664.3266
lstmfppai,S,3,100,1,250,250,250,1,61,146488.48,2008.80747
lstmfppai,S,3,100,1,250,250,250,1,54,146149.78,1529.790852
lstmfppai,S,3,100,1,250,250,250,1,53,146222.9,1391.071634
lstmfppai,S,3,100,1,250,250,250,1,62,146843.7,1464.58363
lstmfppai,S,3,100,1,300,300,300,1,45,270535.36,1333.176519
lstmfppai,S,3,100,1,300,300,300,1,53,274547.14,13500.12231
lstmfppai,S,3,100,1,300,300,300,1,60,274898.34,10513.48143
lstmfppai,S,3,100,1,300,300,300,1,67,272625.72,1813.964013
lstmfppai,S,3,100,1,300,300,300,1,59,273119.48,1996.781963
lstmfppai,S,3,100,1,200,200,200,1,9253,196211.68,17738.87655
lstmfppai,S,3,100,1,200,200,200,1,8331,141962.32,39704.34805
lstmfppai,S,3,100,1,200,200,200,1,72,94175.84,1772.447273
lstmfppai,S,3,100,1,200,200,200,1,61,94133.46,1846.132782
lstmfppai,S,3,100,1,200,200,200,1,47,94884.38,4623.471643
lstmfppai,S,3,100,1,100,100,100,1,43,14600.6,1104.955474
lstmfppai,S,3,100,1,100,100,100,1,44,14903.1,1160.34204
lstmfppai,S,3,100,1,100,100,100,1,60,14761.96,1101.984754
lstmfppai,S,3,100,1,100,100,100,1,55,14825.18,1092.078288
lstmfppai,S,3,100,1,100,100,100,1,42,14861.12,1075.627829
lstmfppai,S,3,100,1,256,256,256,1,262,214235.84,126344.251
lstmfppai,S,3,100,1,256,256,256,1,53,152479.9,1638.769041
lstmfppai,S,3,100,1,256,256,256,1,58,153330.16,1731.773627
lstmfppai,S,3,100,1,256,256,256,1,56,155186.28,10704.80975
lstmfppai,S,3,100,1,256,256,256,1,56,155202.92,6211.53049
lstmfppai,S,3,100,1,400,400,400,1,65,571387.08,3101.593125
lstmfppai,S,3,100,1,400,400,400,1,60,587022.06,21300.47382
lstmfppai,S,3,100,1,400,400,400,1,65,582666.42,2346.799268
lstmfppai,S,3,100,1,400,400,400,1,74,587850.22,22235.87936
lstmfppai,S,3,100,1,400,400,400,1,69,582388.04,1863.411742
lstmfppai,S,3,100,1,224,224,224,1,59,123726.56,19444.68686
lstmfppai,S,3,100,1,224,224,224,1,58,117470.76,1026.015527
lstmfppai,S,3,100,1,224,224,224,1,55,118125.74,1667.087842
lstmfppai,S,3,100,1,224,224,224,1,49,118062.62,1206.396948
lstmfppai,S,3,100,1,224,224,224,1,47,118257,1654.80678
lstmfppai,D,3,100,1,64,64,64,1,55,17721.9,1236.179975
lstmfppai,D,3,100,1,64,64,64,1,49,11896.52,2509.653508
lstmfppai,D,3,100,1,64,64,64,1,47,10729.86,912.4380748
lstmfppai,D,3,100,1,64,64,64,1,47,10843.54,998.5993633
lstmfppai,D,3,100,1,64,64,64,1,47,10884.84,1023.950865
lstmfppai,D,3,100,1,50,50,50,1,40,6809.72,777.9323374
lstmfppai,D,3,100,1,50,50,50,1,42,6849.9,778.7284572
lstmfppai,D,3,100,1,50,50,50,1,43,6861.22,767.8012839
lstmfppai,D,3,100,1,50,50,50,1,42,6863.42,786.2219048
lstmfppai,D,3,100,1,50,50,50,1,42,6796.88,646.6905176
lstmfppai,D,3,100,1,288,288,288,1,69,398853.34,2016.019262
lstmfppai,D,3,100,1,288,288,288,1,61,399992.74,1957.342176
lstmfppai,D,3,100,1,288,288,288,1,58,404069.38,22261.27969
lstmfppai,D,3,100,1,288,288,288,1,1492,399571.04,2573.989992
lstmfppai,D,3,100,1,288,288,288,1,65,399276.68,1687.21289
lstmfppai,D,3,100,1,192,192,192,1,46,155745.26,1772.557359
lstmfppai,D,3,100,1,192,192,192,1,48,196562.1,108809.2938
lstmfppai,D,3,100,1,192,192,192,1,48,156722.42,2086.47544
lstmfppai,D,3,100,1,192,192,192,1,51,156745.96,1962.716036
lstmfppai,D,3,100,1,192,192,192,1,55,157041.38,2321.010021
lstmfppai,D,3,100,1,160,160,160,1,44,106998.28,1338.021346
lstmfppai,D,3,100,1,160,160,160,1,45,107657.5,1567.237598
lstmfppai,D,3,100,1,160,160,160,1,47,107871.12,975.3149571
lstmfppai,D,3,100,1,160,160,160,1,51,107975.36,1009.454363
lstmfppai,D,3,100,1,160,160,160,1,45,107856.28,1039.278751
lstmfppai,D,3,100,1,350,350,350,1,53,1014002.14,15302.85145
lstmfppai,D,3,100,1,350,350,350,1,501,1009290.68,18244.32822
lstmfppai,D,3,100,1,350,350,350,1,55,1011373.08,13637.31972
lstmfppai,D,3,100,1,350,350,350,1,49,1011534.4,18584.08513
lstmfppai,D,3,100,1,350,350,350,1,55,1007543.24,15251.79953
lstmfppai,D,3,100,1,96,96,96,1,37,26488.62,8051.938139
lstmfppai,D,3,100,1,96,96,96,1,44,21046.38,1290.819041
lstmfppai,D,3,100,1,96,96,96,1,42,21141.96,1506.801141
lstmfppai,D,3,100,1,96,96,96,1,42,21088.38,1320.91824
lstmfppai,D,3,100,1,96,96,96,1,44,21032.54,1289.454493
lstmfppai,D,3,100,1,128,128,128,1,38,42967.56,2195.129264
lstmfppai,D,3,100,1,128,128,128,1,42,44032.68,1645.53305
lstmfppai,D,3,100,1,128,128,128,1,42,44869.12,4025.279795
lstmfppai,D,3,100,1,128,128,128,1,42,44702.16,1996.731533
lstmfppai,D,3,100,1,128,128,128,1,44,44583.34,1629.642066
lstmfppai,D,3,100,1,150,150,150,1,48,91151.22,1488.2377
lstmfppai,D,3,100,1,150,150,150,1,43,91805.46,1216.691649
lstmfppai,D,3,100,1,150,150,150,1,50,92068.28,1626.984782
lstmfppai,D,3,100,1,150,150,150,1,55,91753.04,1283.6361
lstmfppai,D,3,100,1,150,150,150,1,46,95935.18,18297.64118
lstmfppai,D,3,100,1,250,250,250,1,47,277647.34,19612.62716
lstmfppai,D,3,100,1,250,250,250,1,52,272588.26,1763.714771
lstmfppai,D,3,100,1,250,250,250,1,55,272482.84,1542.251618
lstmfppai,D,3,100,1,250,250,250,1,47,272982.6,1894.80514
lstmfppai,D,3,100,1,250,250,250,1,50,276249.9,16364.1617
lstmfppai,D,3,100,1,300,300,300,1,77,561991.66,19112.93914
lstmfppai,D,3,100,1,300,300,300,1,55,562990.36,8280.515974
lstmfppai,D,3,100,1,300,300,300,1,57,559875.2,20047.87771
lstmfppai,D,3,100,1,300,300,300,1,50,579603.96,102357.3069
lstmfppai,D,3,100,1,300,300,300,1,53,559501.36,18917.39654
lstmfppai,D,3,100,1,200,200,200,1,45,171277.7,16583.14935
lstmfppai,D,3,100,1,200,200,200,1,52,168158.52,2178.081819
lstmfppai,D,3,100,1,200,200,200,1,51,168471.42,1667.33722
lstmfppai,D,3,100,1,200,200,200,1,50,168448.4,2086.534802
lstmfppai,D,3,100,1,200,200,200,1,49,168191.84,1668.771169
lstmfppai,D,3,100,1,100,100,100,1,38,32346.58,9405.949977
lstmfppai,D,3,100,1,100,100,100,1,53,23049.16,1364.643255
lstmfppai,D,3,100,1,100,100,100,1,44,23102.28,1354.246226
lstmfppai,D,3,100,1,100,100,100,1,51,23101.3,1372.449828
lstmfppai,D,3,100,1,100,100,100,1,58,23173.32,1454.372008
lstmfppai,D,3,100,1,256,256,256,1,53,293333.82,2381.755081
lstmfppai,D,3,100,1,256,256,256,1,71,292845.12,14870.71195
lstmfppai,D,3,100,1,256,256,256,1,53,291466.8,1840.733549
lstmfppai,D,3,100,1,256,256,256,1,50,292361.5,1867.611001
lstmfppai,D,3,100,1,256,256,256,1,46,292429.72,2173.60081
lstmfppai,D,3,100,1,400,400,400,1,54,1183089.7,16673.81787
lstmfppai,D,3,100,1,400,400,400,1,61,1144870.68,18121.68985
lstmfppai,D,3,100,1,400,400,400,1,93,1146167.1,20644.09828
lstmfppai,D,3,100,1,400,400,400,1,62,1159480.72,85507.25612
lstmfppai,D,3,100,1,400,400,400,1,83,1142792.46,33203.85519
lstmfppai,D,3,100,1,224,224,224,1,43,210713.22,1351.192603
lstmfppai,D,3,100,1,224,224,224,1,49,213000.22,16134.30159
lstmfppai,D,3,100,1,224,224,224,1,56,210583.4,1361.894945
lstmfppai,D,3,100,1,224,224,224,1,48,210517.78,1349.399693
lstmfppai,D,3,100,1,224,224,224,1,59,215924.46,17440.05447
lstmfppai,S,3,100,2,288,288,288,2,72,370167.22,2337.262709
lstmfppai,S,3,100,2,288,288,288,2,76,399715.74,21323.79393
lstmfppai,S,3,100,2,288,288,288,2,67,396299.66,3040.02551
lstmfppai,S,3,100,2,288,288,288,2,57,372257.3,1970.455534
lstmfppai,S,3,100,2,288,288,288,2,58,399311.02,24275.19081
lstmfppai,S,3,100,2,224,224,224,2,47,212228.58,1424.254824
lstmfppai,S,3,100,2,224,224,224,2,62,212534.48,1037.969561
lstmfppai,S,3,100,2,224,224,224,2,53,212791.54,1139.562253
lstmfppai,S,3,100,2,224,224,224,2,59,218350.32,17211.86208
lstmfppai,S,3,100,2,224,224,224,2,69,214459.96,4117.96931
lstmfppai,S,3,100,2,160,160,160,2,46,98992.76,20469.1769
lstmfppai,S,3,100,2,160,160,160,2,58,93872.02,12277.42525
lstmfppai,S,3,100,2,160,160,160,2,47,94180.8,10252.04694
lstmfppai,S,3,100,2,160,160,160,2,47,91966.82,1425.092049
lstmfppai,S,3,100,2,160,160,160,2,45,92286.02,1863.580495
lstmfppai,S,3,100,2,250,250,250,2,55,288371.9,2111.041982
lstmfppai,S,3,100,2,250,250,250,2,50,292543.02,19628.52932
lstmfppai,S,3,100,2,250,250,250,2,61,288120.14,2169.276571
lstmfppai,S,3,100,2,250,250,250,2,65,288360.62,1933.846808
lstmfppai,S,3,100,2,250,250,250,2,50,288277.02,1870.030518
lstmfppai,S,3,100,2,96,96,96,2,40,22667.98,832.141394
lstmfppai,S,3,100,2,96,96,96,2,54,23073.8,832.2980956
lstmfppai,S,3,100,2,96,96,96,2,50,23275.32,900.0523194
lstmfppai,S,3,100,2,96,96,96,2,61,23052.14,776.6779773
lstmfppai,S,3,100,2,96,96,96,2,51,23196.94,802.3510057
lstmfppai,S,3,100,2,50,50,50,2,39,5582.66,832.4050603
lstmfppai,S,3,100,2,50,50,50,2,61,5675.6,804.4301088
lstmfppai,S,3,100,2,50,50,50,2,46,5656.94,789.4056096
lstmfppai,S,3,100,2,50,50,50,2,85,5656.92,665.4247317
lstmfppai,S,3,100,2,50,50,50,2,47,5671.44,658.9015453
lstmfppai,S,3,100,2,192,192,192,2,44,133871.96,1817.548678
lstmfppai,S,3,100,2,192,192,192,2,2261,134170.46,1853.424918
lstmfppai,S,3,100,2,192,192,192,2,49,134101.32,1501.053249
lstmfppai,S,3,100,2,192,192,192,2,53,134414.8,1552.251114
lstmfppai,S,3,100,2,192,192,192,2,54,133971.08,1405.862466
lstmfppai,S,3,100,2,64,64,64,2,43,12458.08,1089.943886
lstmfppai,S,3,100,2,64,64,64,2,59,9308.9,1869.150173
lstmfppai,S,3,100,2,64,64,64,2,59,7526.5,811.510918
lstmfppai,S,3,100,2,64,64,64,2,90,7609.64,806.3950833
lstmfppai,S,3,100,2,64,64,64,2,102,7421.24,809.1320673
lstmfppai,S,3,100,2,350,350,350,2,60,771097.02,19007.7899
lstmfppai,S,3,100,2,350,350,350,2,70,746591.36,143828.1846
lstmfppai,S,3,100,2,350,350,350,2,59,705118.66,1823.899138
lstmfppai,S,3,100,2,350,350,350,2,66,707609.86,19804.01812
lstmfppai,S,3,100,2,350,350,350,2,77,705353.08,2129.295262
lstmfppai,S,3,100,2,256,256,256,2,59,298318.18,4858.562206
lstmfppai,S,3,100,2,256,256,256,2,55,338120.54,167762.1894
lstmfppai,S,3,100,2,256,256,256,2,70,300452.64,18677.36868
lstmfppai,S,3,100,2,256,256,256,2,75,296454.74,3651.935168
lstmfppai,S,3,100,2,256,256,256,2,56,295497.22,2211.196801
lstmfppai,S,3,100,2,400,400,400,2,67,1056226.52,19710.70442
lstmfppai,S,3,100,2,400,400,400,2,60,1053412.6,26653.77361
lstmfppai,S,3,100,2,400,400,400,2,63,1066407.72,18773.3427
lstmfppai,S,3,100,2,400,400,400,2,68,1053996.3,2788.756248
lstmfppai,S,3,100,2,400,400,400,2,57,1062202.24,26014.09577
lstmfppai,S,3,100,2,128,128,128,2,40,43479.4,1850.567372
lstmfppai,S,3,100,2,128,128,128,2,52,43997.76,1695.553261
lstmfppai,S,3,100,2,128,128,128,2,46,44252.32,1616.461722
lstmfppai,S,3,100,2,128,128,128,2,57,44637.28,1727.889071
lstmfppai,S,3,100,2,128,128,128,2,48,44461.28,1709.136075
lstmfppai,S,3,100,2,300,300,300,2,73,515388.3,16407.15833
lstmfppai,S,3,100,2,300,300,300,2,61,510725.5,1790.855809
lstmfppai,S,3,100,2,300,300,300,2,60,478935.6,19680.75201
lstmfppai,S,3,100,2,300,300,300,2,68,510661.76,2340.139018
lstmfppai,S,3,100,2,300,300,300,2,60,482223.6,17933.32396
lstmfppai,S,3,100,2,200,200,200,2,49,148852.72,1739.447338
lstmfppai,S,3,100,2,200,200,200,2,50,152595.42,19484.34522
lstmfppai,S,3,100,2,200,200,200,2,66,148858.22,1974.530904
lstmfppai,S,3,100,2,200,200,200,2,48,148405.2,1738.679602
lstmfppai,S,3,100,2,200,200,200,2,50,148957.82,1859.505296
lstmfppai,S,3,100,2,150,150,150,2,42,75514.44,4693.953222
lstmfppai,S,3,100,2,150,150,150,2,48,75690.66,1936.800182
lstmfppai,S,3,100,2,150,150,150,2,45,75719.3,1760.411091
lstmfppai,S,3,100,2,150,150,150,2,45,75578.42,1823.829072
lstmfppai,S,3,100,2,150,150,150,2,57,75773.02,1711.396652
lstmfppai,S,3,100,2,100,100,100,2,40,31447.06,5417.046522
lstmfppai,S,3,100,2,100,100,100,2,50,26565.68,1594.887136
lstmfppai,S,3,100,2,100,100,100,2,49,26629.28,1432.211312
lstmfppai,S,3,100,2,100,100,100,2,50,26654.72,1399.014339
lstmfppai,S,3,100,2,100,100,100,2,48,26898.52,1457.319886
lstmfppai,S,3,100,2,288,288,288,1,58,382141.2,2636.866079
lstmfppai,S,3,100,2,288,288,288,1,60,381979.1,1812.235683
lstmfppai,S,3,100,2,288,288,288,1,80,431533.42,201154.2896
lstmfppai,S,3,100,2,288,288,288,1,61,381247.88,1143.100322
lstmfppai,S,3,100,2,288,288,288,1,59,381113.96,1490.376556
lstmfppai,S,3,100,2,224,224,224,1,207,332493.8,175680.77
lstmfppai,S,3,100,2,224,224,224,1,3523,288866.04,105052.6177
lstmfppai,S,3,100,2,224,224,224,1,113,273777.74,83318.20536
lstmfppai,S,3,100,2,224,224,224,1,62,223320.32,1516.829607
lstmfppai,S,3,100,2,224,224,224,1,58,223104.92,1179.2117
lstmfppai,S,3,100,2,160,160,160,1,41,115226.78,3354.174028
lstmfppai,S,3,100,2,160,160,160,1,50,114627.3,1645.075333
lstmfppai,S,3,100,2,160,160,160,1,46,114926.88,855.0340962
lstmfppai,S,3,100,2,160,160,160,1,48,115377.2,949.9725049
lstmfppai,S,3,100,2,160,160,160,1,48,115190.06,1013.373523
lstmfppai,S,3,100,2,250,250,250,1,56,300041.6,16280.97826
lstmfppai,S,3,100,2,250,250,250,1,67,295395.22,1744.454153
lstmfppai,S,3,100,2,250,250,250,1,67,293645.04,2070.030859
lstmfppai,S,3,100,2,250,250,250,1,74,296136.56,2412.291974
lstmfppai,S,3,100,2,250,250,250,1,64,299062.12,21559.11328
lstmfppai,S,3,100,2,96,96,96,1,40,29841.74,1707.281404
lstmfppai,S,3,100,2,96,96,96,1,2052,29630.38,1647.311032
lstmfppai,S,3,100,2,96,96,96,1,44,29903.28,1536.718869
lstmfppai,S,3,100,2,96,96,96,1,55,29877.2,1483.890656
lstmfppai,S,3,100,2,96,96,96,1,45,29949.34,1659.688159
lstmfppai,S,3,100,2,50,50,50,1,187,36183.3,1857.347994
lstmfppai,S,3,100,2,50,50,50,1,719,31929.24,4583.718571
lstmfppai,S,3,100,2,50,50,50,1,719,31066.76,1530.197772
lstmfppai,S,3,100,2,50,50,50,1,824,29805.12,1405.288293
lstmfppai,S,3,100,2,50,50,50,1,820,28817.3,1407.35109
lstmfppai,S,3,100,2,192,192,192,1,45,208688.1,135516.6418
lstmfppai,S,3,100,2,192,192,192,1,61,169409.4,2098.300951
lstmfppai,S,3,100,2,192,192,192,1,59,169497.6,2385.274416
lstmfppai,S,3,100,2,192,192,192,1,58,169464.12,2326.35512
lstmfppai,S,3,100,2,192,192,192,1,66,172022.5,8208.612692
lstmfppai,S,3,100,2,64,64,64,1,38,17770.94,12110.84864
lstmfppai,S,3,100,2,64,64,64,1,1425,13579.6,674.9700141
lstmfppai,S,3,100,2,64,64,64,1,58,13711.92,858.8167171
lstmfppai,S,3,100,2,64,64,64,1,56,16338.74,15364.24694
lstmfppai,S,3,100,2,64,64,64,1,1416,13537.12,684.4725748
lstmfppai,S,3,100,2,350,350,350,1,70,833037.5,18971.7534
lstmfppai,S,3,100,2,350,350,350,1,63,831813.8,2422.130806
lstmfppai,S,3,100,2,350,350,350,1,70,833455.08,18092.78181
lstmfppai,S,3,100,2,350,350,350,1,62,879015.22,307167.5358
lstmfppai,S,3,100,2,350,350,350,1,61,828631.12,2181.76497
lstmfppai,S,3,100,2,256,256,256,1,60,306731.24,2135.436017
lstmfppai,S,3,100,2,256,256,256,1,68,306989.34,2169.951636
lstmfppai,S,3,100,2,256,256,256,1,64,305967.16,2068.018591
lstmfppai,S,3,100,2,256,256,256,1,59,310249.78,19427.49888
lstmfppai,S,3,100,2,256,256,256,1,53,306855.8,2257.993632
lstmfppai,S,3,100,2,400,400,400,1,58,1140425.44,20819.54901
lstmfppai,S,3,100,2,400,400,400,1,62,1137019.76,22338.69249
lstmfppai,S,3,100,2,400,400,400,1,60,1134914,20618.5491
lstmfppai,S,3,100,2,400,400,400,1,67,1151923.92,31054.89673
lstmfppai,S,3,100,2,400,400,400,1,58,1199881,233592.6221
lstmfppai,S,3,100,2,128,128,128,1,53,60227.66,16027.00225
lstmfppai,S,3,100,2,128,128,128,1,51,45733.08,1709.971027
lstmfppai,S,3,100,2,128,128,128,1,49,46316.14,2222.190064
lstmfppai,S,3,100,2,128,128,128,1,46,46118.72,1823.294579
lstmfppai,S,3,100,2,128,128,128,1,44,46631.8,2110.091609
lstmfppai,S,3,100,2,300,300,300,1,59,564560.18,2263.230626
lstmfppai,S,3,100,2,300,300,300,1,68,568353.26,18882.73326
lstmfppai,S,3,100,2,300,300,300,1,65,564161.02,2619.067151
lstmfppai,S,3,100,2,300,300,300,1,71,566743.4,19008.82923
lstmfppai,S,3,100,2,300,300,300,1,64,566278.12,2511.202817
lstmfppai,S,3,100,2,200,200,200,1,58,179845.7,2410.716999
lstmfppai,S,3,100,2,200,200,200,1,57,181316.3,1937.775263
lstmfppai,S,3,100,2,200,200,200,1,54,181423.72,2351.427431
lstmfppai,S,3,100,2,200,200,200,1,61,184111.36,22237.54927
lstmfppai,S,3,100,2,200,200,200,1,65,184065.58,16547.77555
lstmfppai,S,3,100,2,150,150,150,1,41,132702.42,12382.23911
lstmfppai,S,3,100,2,150,150,150,1,48,129942.8,13241.1594
lstmfppai,S,3,100,2,150,150,150,1,51,127594.8,2062.015238
lstmfppai,S,3,100,2,150,150,150,1,48,126260.06,1837.140533
lstmfppai,S,3,100,2,150,150,150,1,52,126337.08,1740.173334
lstmfppai,S,3,100,2,100,100,100,1,56,29389.58,1405.052285
lstmfppai,S,3,100,2,100,100,100,1,64,29883.3,1641.408203
lstmfppai,S,3,100,2,100,100,100,1,52,29973.18,1482.857602
lstmfppai,S,3,100,2,100,100,100,1,62,29890.46,1469.916245
lstmfppai,S,3,100,2,100,100,100,1,60,29966.1,1452.687045
lstmfppai,D,3,100,2,288,288,288,2,62,800294.22,23860.95058
lstmfppai,D,3,100,2,288,288,288,2,61,774569.64,152057.4591
lstmfppai,D,3,100,2,288,288,288,2,78,748397.08,20110.27833
lstmfppai,D,3,100,2,288,288,288,2,90,744784.52,11389.39918
lstmfppai,D,3,100,2,288,288,288,2,69,743705.32,16213.01153
lstmfppai,D,3,100,2,224,224,224,2,63,426750.66,1816.200414
lstmfppai,D,3,100,2,224,224,224,2,68,426475.62,1806.056277
lstmfppai,D,3,100,2,224,224,224,2,55,417936.14,20052.95944
lstmfppai,D,3,100,2,224,224,224,2,69,430693.54,6022.53817
lstmfppai,D,3,100,2,224,224,224,2,51,414468.88,1585.462199
lstmfppai,D,3,100,2,160,160,160,2,240,337516.64,56516.6402
lstmfppai,D,3,100,2,160,160,160,2,66,173429.82,26192.48977
lstmfppai,D,3,100,2,160,160,160,2,85,234764.88,72260.32087
lstmfppai,D,3,100,2,160,160,160,2,59,167495.72,7562.854355
lstmfppai,D,3,100,2,160,160,160,2,70,167388.26,11215.41897
lstmfppai,D,3,100,2,250,250,250,2,76,566339.84,4012.073705
lstmfppai,D,3,100,2,250,250,250,2,102,535676.42,11612.68187
lstmfppai,D,3,100,2,250,250,250,2,73,532149.8,2584.213381
lstmfppai,D,3,100,2,250,250,250,2,63,573244.62,18899.75691
lstmfppai,D,3,100,2,250,250,250,2,61,572279,1885.667691
lstmfppai,D,3,100,2,96,96,96,2,274,42334,6147.493388
lstmfppai,D,3,100,2,96,96,96,2,66,41218.9,1635.779854
lstmfppai,D,3,100,2,96,96,96,2,51,41449.94,2558.636249
lstmfppai,D,3,100,2,96,96,96,2,53,41391.84,1813.158011
lstmfppai,D,3,100,2,96,96,96,2,54,45310.1,17814.49875
lstmfppai,D,3,100,2,50,50,50,2,42,12585.04,1096.770477
lstmfppai,D,3,100,2,50,50,50,2,1415,10737,2189.009264
lstmfppai,D,3,100,2,50,50,50,2,49,8122.2,794.6020891
lstmfppai,D,3,100,2,50,50,50,2,48,8100.28,800.6184619
lstmfppai,D,3,100,2,50,50,50,2,47,8217.8,928.9395459
lstmfppai,D,3,100,2,192,192,192,2,56,265479.78,16698.18927
lstmfppai,D,3,100,2,192,192,192,2,69,259449.96,1611.486456
lstmfppai,D,3,100,2,192,192,192,2,55,256680.08,1429.485681
lstmfppai,D,3,100,2,192,192,192,2,62,256291.66,1293.598463
lstmfppai,D,3,100,2,192,192,192,2,52,260499.24,17043.55286
lstmfppai,D,3,100,2,64,64,64,2,171,54549,3733.179562
lstmfppai,D,3,100,2,64,64,64,2,217,44680.72,7147.069176
lstmfppai,D,3,100,2,64,64,64,2,154,36970.3,2696.223909
lstmfppai,D,3,100,2,64,64,64,2,135,38622.44,3501.999287
lstmfppai,D,3,100,2,64,64,64,2,160,36519.36,1355.537986
lstmfppai,D,3,100,2,350,350,350,2,71,1385975.44,146626.6052
lstmfppai,D,3,100,2,350,350,350,2,76,1547427.86,22398.68794
lstmfppai,D,3,100,2,350,350,350,2,74,1381606.74,89376.56041
lstmfppai,D,3,100,2,350,350,350,2,82,1366837.58,29358.41788
lstmfppai,D,3,100,2,350,350,350,2,77,1567435.4,17223.59565
lstmfppai,D,3,100,2,256,256,256,2,68,570307.36,8518.887265
lstmfppai,D,3,100,2,256,256,256,2,62,605080.06,22052.09358
lstmfppai,D,3,100,2,256,256,256,2,63,569925.36,2655.875583
lstmfppai,D,3,100,2,256,256,256,2,57,597213.52,114703.3409
lstmfppai,D,3,100,2,256,256,256,2,61,570412,3287.101197
lstmfppai,D,3,100,2,400,400,400,2,363,2533760.12,516663.4011
lstmfppai,D,3,100,2,400,400,400,2,2962,2122811.82,94624.77158
lstmfppai,D,3,100,2,400,400,400,2,124,2443021.98,134706.5504
lstmfppai,D,3,100,2,400,400,400,2,122,2030039.76,33497.97351
lstmfppai,D,3,100,2,400,400,400,2,98,2067828.6,216570.3163
lstmfppai,D,3,100,2,128,128,128,2,47,83217.62,1717.924409
lstmfppai,D,3,100,2,128,128,128,2,45,84331.02,1861.679151
lstmfppai,D,3,100,2,128,128,128,2,47,84049.12,2092.04101
lstmfppai,D,3,100,2,128,128,128,2,526,84002.12,2101.781565
lstmfppai,D,3,100,2,128,128,128,2,57,84411.86,2297.319943
lstmfppai,D,3,100,2,300,300,300,2,63,1017522.62,17838.14796
lstmfppai,D,3,100,2,300,300,300,2,85,1016960.98,17527.79655
lstmfppai,D,3,100,2,300,300,300,2,64,1022317.84,17980.5048
lstmfppai,D,3,100,2,300,300,300,2,79,1052762.24,187368.4356
lstmfppai,D,3,100,2,300,300,300,2,65,1014192.86,2594.607261
lstmfppai,D,3,100,2,200,200,200,2,46,279431.3,1878.751077
lstmfppai,D,3,100,2,200,200,200,2,59,277225.58,18309.38612
lstmfppai,D,3,100,2,200,200,200,2,59,270810.04,1891.046905
lstmfppai,D,3,100,2,200,200,200,2,64,271356.48,1812.43505
lstmfppai,D,3,100,2,200,200,200,2,54,274602.34,1622.908914
lstmfppai,D,3,100,2,150,150,150,2,44,148798.98,16443.54816
lstmfppai,D,3,100,2,150,150,150,2,57,145555.28,1585.97082
lstmfppai,D,3,100,2,150,150,150,2,55,145261.6,1722.20497
lstmfppai,D,3,100,2,150,150,150,2,49,146277,1764.501924
lstmfppai,D,3,100,2,150,150,150,2,50,145833.2,1710.893837
lstmfppai,D,3,100,2,100,100,100,2,44,53082.46,14673.54457
lstmfppai,D,3,100,2,100,100,100,2,51,45484.46,1607.930735
lstmfppai,D,3,100,2,100,100,100,2,48,45559.64,1629.452371
lstmfppai,D,3,100,2,100,100,100,2,49,45496.86,1631.095669
lstmfppai,D,3,100,2,100,100,100,2,47,45548.7,1587.84686
lstmfppai,D,3,100,2,288,288,288,1,68,811174.16,5157.914832
lstmfppai,D,3,100,2,288,288,288,1,58,819147.1,34739.47829
lstmfppai,D,3,100,2,288,288,288,1,93,848790.84,171024.983
lstmfppai,D,3,100,2,288,288,288,1,65,813691.5,2458.357543
lstmfppai,D,3,100,2,288,288,288,1,61,818579.22,19970.67116
lstmfppai,D,3,100,2,224,224,224,1,70,445818.36,18762.26554
lstmfppai,D,3,100,2,224,224,224,1,70,473549.42,115869.4864
lstmfppai,D,3,100,2,224,224,224,1,74,446704.62,19123.41898
lstmfppai,D,3,100,2,224,224,224,1,60,442834.44,1979.07047
lstmfppai,D,3,100,2,224,224,224,1,61,440289.04,1064.475513
lstmfppai,D,3,100,2,160,160,160,1,51,213737.68,1794.373333
lstmfppai,D,3,100,2,160,160,160,1,56,219635.96,10902.56847
lstmfppai,D,3,100,2,160,160,160,1,50,215349.48,2590.750102
lstmfppai,D,3,100,2,160,160,160,1,49,219281.74,28946.70665
lstmfppai,D,3,100,2,160,160,160,1,51,214867.34,1926.35828
lstmfppai,D,3,100,2,250,250,250,1,66,562583.76,3184.385608
lstmfppai,D,3,100,2,250,250,250,1,53,563391.1,22824.03521
lstmfppai,D,3,100,2,250,250,250,1,68,553197.46,2044.360352
lstmfppai,D,3,100,2,250,250,250,1,62,557218.76,20326.58143
lstmfppai,D,3,100,2,250,250,250,1,64,554385.76,2137.011414
lstmfppai,D,3,100,2,96,96,96,1,191,131422.92,13024.70658
lstmfppai,D,3,100,2,96,96,96,1,1334,122399.66,9134.158507
lstmfppai,D,3,100,2,96,96,96,1,611,111117.38,2618.06679
lstmfppai,D,3,100,2,96,96,96,1,501,108256.16,3017.526619
lstmfppai,D,3,100,2,96,96,96,1,7953,93982.36,2154.764876
lstmfppai,D,3,100,2,50,50,50,1,168,52928.24,4653.658959
lstmfppai,D,3,100,2,50,50,50,1,288,47579.84,3783.530174
lstmfppai,D,3,100,2,50,50,50,1,159,47774.12,4666.138119
lstmfppai,D,3,100,2,50,50,50,1,311,42757.7,5221.99012
lstmfppai,D,3,100,2,50,50,50,1,110,37555.98,1577.084265
lstmfppai,D,3,100,2,192,192,192,1,52,443648.88,1544.061821
lstmfppai,D,3,100,2,192,192,192,1,49,444446.1,1307.054463
lstmfppai,D,3,100,2,192,192,192,1,53,448436.28,24053.72571
lstmfppai,D,3,100,2,192,192,192,1,51,444491.72,1409.839339
lstmfppai,D,3,100,2,192,192,192,1,59,448321.68,17894.44882
lstmfppai,D,3,100,2,64,64,64,1,48,26576.92,6892.30167
lstmfppai,D,3,100,2,64,64,64,1,43,21513.42,1268.671496
lstmfppai,D,3,100,2,64,64,64,1,40,21593.74,1297.548871
lstmfppai,D,3,100,2,64,64,64,1,40,21644,1293.273042
lstmfppai,D,3,100,2,64,64,64,1,41,21694.36,1336.46321
lstmfppai,D,3,100,2,350,350,350,1,72,1701165.28,337565.6901
lstmfppai,D,3,100,2,350,350,350,1,66,1653847.1,24829.50344
lstmfppai,D,3,100,2,350,350,350,1,67,1647081.1,16599.53209
lstmfppai,D,3,100,2,350,350,350,1,61,1656008.62,16786.26705
lstmfppai,D,3,100,2,350,350,350,1,70,1694013,178155.5348
lstmfppai,D,3,100,2,256,256,256,1,255,695229.02,268038.9959
lstmfppai,D,3,100,2,256,256,256,1,22060,621681.16,150904.134
lstmfppai,D,3,100,2,256,256,256,1,85,596074.74,64594.64612
lstmfppai,D,3,100,2,256,256,256,1,13505,604612.44,101562.4086
lstmfppai,D,3,100,2,256,256,256,1,8369,629592.92,135330.0834
lstmfppai,D,3,100,2,400,400,400,1,78,2275257.82,33136.32821
lstmfppai,D,3,100,2,400,400,400,1,91,2425840.18,265848.6739
lstmfppai,D,3,100,2,400,400,400,1,102,2385695.04,36418.86682
lstmfppai,D,3,100,2,400,400,400,1,100,2384440.98,36061.79029
lstmfppai,D,3,100,2,400,400,400,1,99,2388205.26,28977.73094
lstmfppai,D,3,100,2,128,128,128,1,53,90188.44,11083.25564
lstmfppai,D,3,100,2,128,128,128,1,46,90804.58,19108.5797
lstmfppai,D,3,100,2,128,128,128,1,1349,86603.48,2228.40764
lstmfppai,D,3,100,2,128,128,128,1,43,86854.86,2485.193063
lstmfppai,D,3,100,2,128,128,128,1,71,89991.76,10981.75978
lstmfppai,D,3,100,2,300,300,300,1,62,1115447.74,13684.32097
lstmfppai,D,3,100,2,300,300,300,1,61,1149194.7,67708.5249
lstmfppai,D,3,100,2,300,300,300,1,69,1133883.58,19719.02906
lstmfppai,D,3,100,2,300,300,300,1,62,1135631.62,18951.35098
lstmfppai,D,3,100,2,300,300,300,1,57,1149118.94,18724.07524
lstmfppai,D,3,100,2,200,200,200,1,46,332180.86,1615.996609
lstmfppai,D,3,100,2,200,200,200,1,60,331012.26,1821.519309
lstmfppai,D,3,100,2,200,200,200,1,58,330005.02,1390.404365
lstmfppai,D,3,100,2,200,200,200,1,78,336650.44,18156.78816
lstmfppai,D,3,100,2,200,200,200,1,65,332408.52,1635.291023
lstmfppai,D,3,100,2,150,150,150,1,47,181547.36,1710.976771
lstmfppai,D,3,100,2,150,150,150,1,44,181958.56,1888.690109
lstmfppai,D,3,100,2,150,150,150,1,53,183031.82,1594.596095
lstmfppai,D,3,100,2,150,150,150,1,61,187633.76,14271.74493
lstmfppai,D,3,100,2,150,150,150,1,53,184310.88,2240.287764
lstmfppai,D,3,100,2,100,100,100,1,222,134636.64,12937.88987
lstmfppai,D,3,100,2,100,100,100,1,7551,124906.74,4034.862644
lstmfppai,D,3,100,2,100,100,100,1,8336,106646.74,6823.458823
lstmfppai,D,3,100,2,100,100,100,1,93,101312.46,2346.225174
lstmfppai,D,3,100,2,100,100,100,1,79,100739,2309.411336
lstmfppai,S,3,100,4,200,200,200,2,79,278466.72,4788.129965
lstmfppai,S,3,100,4,200,200,200,2,63,277471.6,1952.17241
lstmfppai,S,3,100,4,200,200,200,2,94,282003.62,19111.18778
lstmfppai,S,3,100,4,200,200,200,2,85,277962.74,3544.692121
lstmfppai,S,3,100,4,200,200,200,2,65,280520.02,2000.442936
lstmfppai,S,3,100,4,128,128,128,2,52,84835.62,2160.371911
lstmfppai,S,3,100,4,128,128,128,2,46,85203.36,1705.272327
lstmfppai,S,3,100,4,128,128,128,2,63,85304.9,1818.688299
lstmfppai,S,3,100,4,128,128,128,2,47,85107.9,1752.368229
lstmfppai,S,3,100,4,128,128,128,2,47,84955.76,1806.14453
lstmfppai,S,3,100,4,150,150,150,2,942,359858.18,47443.34225
lstmfppai,S,3,100,4,150,150,150,2,13204,299645.6,7863.943721
lstmfppai,S,3,100,4,150,150,150,2,121,263996.5,29079.15685
lstmfppai,S,3,100,4,150,150,150,2,85,174261,43159.27379
lstmfppai,S,3,100,4,150,150,150,2,60,157913.9,1866.633079
lstmfppai,S,3,100,4,64,64,64,2,47,19227.96,2290.881743
lstmfppai,S,3,100,4,64,64,64,2,100,15412.22,1795.497661
lstmfppai,S,3,100,4,64,64,64,2,56,14577.62,1061.164999
lstmfppai,S,3,100,4,64,64,64,2,96,14639.1,1140.170132
lstmfppai,S,3,100,4,64,64,64,2,78,14650.26,1147.483434
lstmfppai,S,3,100,4,250,250,250,2,65,566037.32,21634.57712
lstmfppai,S,3,100,4,250,250,250,2,67,559069.46,1915.472748
lstmfppai,S,3,100,4,250,250,250,2,69,561016.56,18564.3111
lstmfppai,S,3,100,4,250,250,250,2,69,557138.32,2334.43782
lstmfppai,S,3,100,4,250,250,250,2,68,560729.72,19819.18338
lstmfppai,S,3,100,4,96,96,96,2,41,49227.76,14149.70951
lstmfppai,S,3,100,4,96,96,96,2,53,48704.66,13358.52324
lstmfppai,S,3,100,4,96,96,96,2,59,47900.72,1661.117058
lstmfppai,S,3,100,4,96,96,96,2,43,48072.56,1600.410037
lstmfppai,S,3,100,4,96,96,96,2,56,48354.62,1858.518656
lstmfppai,S,3,100,4,350,350,350,2,14285,1614017.86,277814.7304
lstmfppai,S,3,100,4,350,350,350,2,142,1623541.56,174311.5012
lstmfppai,S,3,100,4,100,100,100,2,46,49299.52,5023.590836
lstmfppai,S,3,100,4,100,100,100,2,48,49016.8,1605.675409
lstmfppai,S,3,100,4,100,100,100,2,61,49292.58,1610.112022
lstmfppai,S,3,100,4,100,100,100,2,54,49547.18,1690.766686
lstmfppai,S,3,100,4,100,100,100,2,47,49670.58,1638.126602
lstmfppai,S,3,100,4,300,300,300,2,95,1028848.74,220914.2389
lstmfppai,S,3,100,4,400,400,400,2,74,2266296.06,32285.08346
lstmfppai,S,3,100,4,400,400,400,2,78,2271070.82,159356.8929
lstmfppai,S,3,100,4,400,400,400,2,75,2336566.08,37428.53946
lstmfppai,S,3,100,4,400,400,400,2,86,2218520.42,27540.70408
lstmfppai,S,3,100,4,400,400,400,2,76,2428413.82,167851.7101
lstmfppai,S,3,100,4,256,256,256,2,101,572850.9,1163.827861
lstmfppai,S,3,100,4,256,256,256,2,66,584447.36,15973.12377
lstmfppai,S,3,100,4,256,256,256,2,67,577504.04,1432.721131
lstmfppai,S,3,100,4,256,256,256,2,85,584273.68,20425.98401
lstmfppai,S,3,100,4,256,256,256,2,74,584120.12,1434.772507
lstmfppai,S,3,100,4,192,192,192,2,55,259877.98,15748.07204
lstmfppai,S,3,100,4,192,192,192,2,64,256037.16,1924.965832
lstmfppai,S,3,100,4,192,192,192,2,64,262486.56,17347.72268
lstmfppai,S,3,100,4,192,192,192,2,67,255028.38,1467.792232
lstmfppai,S,3,100,4,192,192,192,2,65,256301.7,2037.189439
lstmfppai,S,3,100,4,224,224,224,2,84,431430.04,7333.928118
lstmfppai,S,3,100,4,224,224,224,2,72,434086.28,15089.98545
lstmfppai,S,3,100,4,224,224,224,2,63,428468.42,2166.612121
lstmfppai,S,3,100,4,224,224,224,2,62,433723.4,13462.90408
lstmfppai,S,3,100,4,224,224,224,2,60,432081.38,7696.325336
lstmfppai,D,3,100,4,150,150,150,2,48,283514.42,1898.975314
lstmfppai,D,3,100,4,150,150,150,2,59,280317.76,1818.74288
lstmfppai,D,3,100,4,150,150,150,2,74,287410.94,18339.75288
lstmfppai,D,3,100,4,150,150,150,2,62,322181.86,146891.3803
lstmfppai,D,3,100,4,150,150,150,2,63,281996.3,1956.633888
lstmfppai,D,3,100,4,64,64,64,2,3678,82258.9,9597.156842
lstmfppai,D,3,100,4,64,64,64,2,1953,64928.94,4283.133014
lstmfppai,D,3,100,4,64,64,64,2,4062,60913.68,2937.39109
lstmfppai,D,3,100,4,64,64,64,2,100,60668.22,2375.665737
lstmfppai,D,3,100,4,64,64,64,2,85,54604.88,1961.327893
lstmfppai,D,3,100,4,250,250,250,2,281,1151795.62,303872.0566
lstmfppai,D,3,100,4,250,250,250,2,7567,1140650.82,197002.1744
lstmfppai,D,3,100,4,250,250,250,2,6505,1108135.38,57776.17495
lstmfppai,D,3,100,4,250,250,250,2,107,1097932.12,15991.05613
lstmfppai,D,3,100,4,250,250,250,2,1095,1110171.84,103017.4862
lstmfppai,D,3,100,4,400,400,400,2,99,4191727.26,34433.02379
lstmfppai,D,3,100,4,256,256,256,2,16091,1250078.96,316595.8438
lstmfppai,D,3,100,4,256,256,256,2,93,1170358.28,26122.69874
lstmfppai,D,3,100,4,256,256,256,2,75,1169561.42,25411.85534
lstmfppai,D,3,100,4,256,256,256,2,11522,1176034.24,38708.97735
lstmfppai,D,3,100,4,256,256,256,2,8427,1170197.26,94707.56855
lstmfppai,D,3,100,4,192,192,192,2,82,489694.92,2077.989344
lstmfppai,D,3,100,4,192,192,192,2,71,491908.88,20798.54091
lstmfppai,D,3,100,4,192,192,192,2,64,491060.06,1974.320383
lstmfppai,D,3,100,4,192,192,192,2,63,493594.04,27594.7747
lstmfppai,D,3,100,4,192,192,192,2,87,493132,10939.16596
lstmfppai,D,3,100,4,224,224,224,2,9199,895537.68,190362.7805
lstmfppai,D,3,100,4,224,224,224,2,80,851495.34,2634.13704
lstmfppai,D,3,100,4,224,224,224,2,91,855760.12,16360.30051
lstmfppai,D,3,100,4,224,224,224,2,101,898085.38,156460.1045
lstmfppai,D,3,100,4,224,224,224,2,4830,896932.92,140912.9659
