algorithm,precision,dims,iterations,s,nx,ny,nz,xs_tile_size,init_time,time,std_dev
sdd-lstct,S,3,100,1,64,64,64,100000,11149,20865.19999,8137.132725
sdd-lstct,S,3,100,1,64,64,64,100000,45111,15631.89999,1209.789357
sdd-lstct,S,3,100,1,64,64,64,100000,44220,15495.59999,967.1470829
sdd-lstct,S,3,100,1,64,64,64,100000,44187,15259.15999,392.2996997
sdd-lstct,S,3,100,1,64,64,64,100000,44220,15193.61999,251.6142992
sdd-lstct,S,3,100,1,50,50,50,100000,2933,10496.45999,2508.637336
sdd-lstct,S,3,100,1,50,50,50,100000,4602,10225.59999,697.5468729
sdd-lstct,S,3,100,1,50,50,50,100000,4336,10130.39999,82.85674384
sdd-lstct,S,3,100,1,50,50,50,100000,4285,10182.45999,327.5170352
sdd-lstct,S,3,100,1,50,50,50,100000,4359,10133.57999,153.279234
sdd-lstct,S,3,100,1,288,288,288,100000,1723992,2104266.919,476415.8231
sdd-lstct,S,3,100,1,288,288,288,100000,1701159,1497004.419,507066.1616
sdd-lstct,S,3,100,1,288,288,288,100000,1684145,2388755.579,120772.3654
sdd-lstct,S,3,100,1,288,288,288,100000,1695430,2482733.259,279475.5154
sdd-lstct,S,3,100,1,288,288,288,100000,1696207,2202989.319,500826.059
sdd-lstct,S,3,100,1,192,192,192,100000,413431,781309.0999,55809.12559
sdd-lstct,S,3,100,1,192,192,192,100000,1368393,673961.7799,35789.33079
sdd-lstct,S,3,100,1,192,192,192,100000,1382990,611762.4799,24714.05535
sdd-lstct,S,3,100,1,192,192,192,100000,1419369,585222.5999,19963.16871
sdd-lstct,S,3,100,1,192,192,192,100000,1260727,595219.1999,7159.624478
sdd-lstct,S,3,100,1,160,160,160,100000,196354,1259215.019,54053.11914
sdd-lstct,S,3,100,1,160,160,160,100000,706640,986357.7799,106072.5482
sdd-lstct,S,3,100,1,160,160,160,100000,822838,596300.1599,14370.33109
sdd-lstct,S,3,100,1,160,160,160,100000,825214,542883.5199,20457.04165
sdd-lstct,S,3,100,1,160,160,160,100000,831579,533821.0599,6297.864096
sdd-lstct,S,3,100,1,350,350,350,100000,1860353,2725049.779,742669.3197
sdd-lstct,S,3,100,1,350,350,350,100000,1771656,3260980.199,377704.3315
sdd-lstct,S,3,100,1,350,350,350,100000,1777278,3329989.619,525251.6335
sdd-lstct,S,3,100,1,350,350,350,100000,1769240,3670928.979,259939.5023
sdd-lstct,S,3,100,1,350,350,350,100000,1792950,3862780.119,368215.7962
sdd-lstct,S,3,100,1,96,96,96,100000,41009,69581.33999,56154.63701
sdd-lstct,S,3,100,1,96,96,96,100000,153271,53270.89999,1784.161419
sdd-lstct,S,3,100,1,96,96,96,100000,152295,53777.69999,2308.512181
sdd-lstct,S,3,100,1,96,96,96,100000,152433,67885.77999,14544.08222
sdd-lstct,S,3,100,1,96,96,96,100000,115849,84864.11999,2078.635635
sdd-lstct,S,3,100,1,128,128,128,100000,117338,178215.7399,72337.508
sdd-lstct,S,3,100,1,128,128,128,100000,453970,167215.8199,3408.047714
sdd-lstct,S,3,100,1,128,128,128,100000,450558,175563.3999,6589.329143
sdd-lstct,S,3,100,1,128,128,128,100000,430199,196929,17006.58408
sdd-lstct,S,3,100,1,128,128,128,100000,418044,199573.4399,8250.940579
sdd-lstct,S,3,100,1,150,150,150,100000,123915,963595.4399,61665.46126
sdd-lstct,S,3,100,1,150,150,150,100000,393775,570034.3199,265574.8069
sdd-lstct,S,3,100,1,150,150,150,100000,451431,254316.0399,4656.433716
sdd-lstct,S,3,100,1,150,150,150,100000,487601,558408,58575.09139
sdd-lstct,S,3,100,1,150,150,150,100000,542536,558021.3599,12499.06637
sdd-lstct,S,3,100,1,250,250,250,100000,593567,1696263.339,317319.7143
sdd-lstct,S,3,100,1,250,250,250,100000,600598,1859412.659,206657.1904
sdd-lstct,S,3,100,1,250,250,250,100000,590863,1384032.199,202862.7727
sdd-lstct,S,3,100,1,250,250,250,100000,599469,2046161.939,185000.2775
sdd-lstct,S,3,100,1,250,250,250,100000,611750,2161750.459,140974.3568
sdd-lstct,S,3,100,1,300,300,300,100000,1249760,2088925.619,506885.7949
sdd-lstct,S,3,100,1,300,300,300,100000,1267784,2473485.379,493440.3716
sdd-lstct,S,3,100,1,300,300,300,100000,1272983,2604397.599,198031.2416
sdd-lstct,S,3,100,1,300,300,300,100000,1251565,2638431.539,146000.1404
sdd-lstct,S,3,100,1,300,300,300,100000,1267004,2388647.039,412927.5608
sdd-lstct,S,3,100,1,200,200,200,100000,366008,1070752.719,110503.992
sdd-lstct,S,3,100,1,200,200,200,100000,1412961,1096897.519,62682.0155
sdd-lstct,S,3,100,1,200,200,200,100000,1453296,1045797.299,58911.45383
sdd-lstct,S,3,100,1,200,200,200,100000,1505170,886831.3399,103741.2825
sdd-lstct,S,3,100,1,200,200,200,100000,1573566,804018.5,16232.59362
sdd-lstct,S,3,100,1,100,100,100,100000,27348,79857,53740.93925
sdd-lstct,S,3,100,1,100,100,100,100000,117219,77694.41999,6149.145384
sdd-lstct,S,3,100,1,100,100,100,100000,114520,75612.97999,1966.087408
sdd-lstct,S,3,100,1,100,100,100,100000,114364,74850.35999,703.825767
sdd-lstct,S,3,100,1,100,100,100,100000,113999,103059.1799,10457.19154
sdd-lstct,S,3,100,1,256,256,256,100000,2709294,1246440.839,407572.4855
sdd-lstct,S,3,100,1,256,256,256,100000,2720568,1340899.559,211470.8831
sdd-lstct,S,3,100,1,256,256,256,100000,2709408,1175333.479,130566.0887
sdd-lstct,S,3,100,1,256,256,256,100000,2700155,1403910.099,229023.7631
sdd-lstct,S,3,100,1,256,256,256,100000,2727760,1483881.679,142707.7591
sdd-lstct,S,3,100,1,400,400,400,100000,3602540,3594276.079,883354.4584
sdd-lstct,S,3,100,1,400,400,400,100000,3592027,4942452.939,179062.713
sdd-lstct,S,3,100,1,400,400,400,100000,3632091,4636345.319,400462.6166
sdd-lstct,S,3,100,1,400,400,400,100000,3591495,5020363.319,480838.3622
sdd-lstct,S,3,100,1,400,400,400,100000,3594844,4986700.179,249562.0426
sdd-lstct,S,3,100,1,224,224,224,100000,666095,1716788.079,342610.7939
sdd-lstct,S,3,100,1,224,224,224,100000,665227,1086591.319,472082.2497
sdd-lstct,S,3,100,1,224,224,224,100000,664445,1566740,38226.13376
sdd-lstct,S,3,100,1,224,224,224,100000,673586,1647633.799,35449.82882
sdd-lstct,S,3,100,1,224,224,224,100000,672374,1557455.379,433738.6269
sdd-lstct,D,3,100,1,64,64,64,100000,15839,32504.19999,33679.66787
sdd-lstct,D,3,100,1,64,64,64,100000,64329,24485.73999,2669.248319
sdd-lstct,D,3,100,1,64,64,64,100000,54721,25403.15999,1249.298512
sdd-lstct,D,3,100,1,64,64,64,100000,54901,25946.43999,1884.353344
sdd-lstct,D,3,100,1,64,64,64,100000,54715,25949.37999,1642.44604
sdd-lstct,D,3,100,1,50,50,50,100000,4634,15786.79999,3260.215949
sdd-lstct,D,3,100,1,50,50,50,100000,7688,14649.59999,966.0991046
sdd-lstct,D,3,100,1,50,50,50,100000,6942,13908.23999,949.0188735
sdd-lstct,D,3,100,1,50,50,50,100000,6848,13751.45999,665.186777
sdd-lstct,D,3,100,1,50,50,50,100000,6935,13832.27999,894.8771991
sdd-lstct,D,3,100,1,288,288,288,100000,1960504,2352512,1078659.695
sdd-lstct,D,3,100,1,288,288,288,100000,1962171,2991272.619,561159.7937
sdd-lstct,D,3,100,1,288,288,288,100000,1937989,3580347.519,390067.3251
sdd-lstct,D,3,100,1,288,288,288,100000,1988234,3366656.179,432218.9004
sdd-lstct,D,3,100,1,288,288,288,100000,1984268,3902264.219,382683.1217
sdd-lstct,D,3,100,1,192,192,192,100000,697808,1491766.119,424490.1076
sdd-lstct,D,3,100,1,192,192,192,100000,686586,938629.0799,454232.2058
sdd-lstct,D,3,100,1,192,192,192,100000,694869,1629151.539,96651.08995
sdd-lstct,D,3,100,1,192,192,192,100000,691812,1318456.359,332251.0524
sdd-lstct,D,3,100,1,192,192,192,100000,697981,1553869.339,78829.68728
sdd-lstct,D,3,100,1,160,160,160,100000,228872,698205.2999,126101.9593
sdd-lstct,D,3,100,1,160,160,160,100000,940231,613400.3199,33957.64326
sdd-lstct,D,3,100,1,160,160,160,100000,914556,544527.3199,47686.3949
sdd-lstct,D,3,100,1,160,160,160,100000,971749,470828.9799,55210.33602
sdd-lstct,D,3,100,1,160,160,160,100000,958463,456169.7999,11862.48121
sdd-lstct,D,3,100,1,350,350,350,100000,2018925,4084745.339,1016553.369
sdd-lstct,D,3,100,1,350,350,350,100000,2065322,4431474.379,1583971.828
sdd-lstct,D,3,100,1,350,350,350,100000,2044072,5942393.639,441491.0739
sdd-lstct,D,3,100,1,350,350,350,100000,2034188,5966515.5,512211.5159
sdd-lstct,D,3,100,1,350,350,350,100000,2029045,6171346,490286.7121
sdd-lstct,D,3,100,1,96,96,96,100000,47737,157429.3199,77722.61034
sdd-lstct,D,3,100,1,96,96,96,100000,161347,139609.4399,3080.541135
sdd-lstct,D,3,100,1,96,96,96,100000,169736,143536.6999,6750.649365
sdd-lstct,D,3,100,1,96,96,96,100000,179336,154995.8199,2764.362086
sdd-lstct,D,3,100,1,96,96,96,100000,177948,217202.4799,10448.73953
sdd-lstct,D,3,100,1,128,128,128,100000,204983,409967.6199,53670.71085
sdd-lstct,D,3,100,1,128,128,128,100000,637994,370526.6199,10401.47787
sdd-lstct,D,3,100,1,128,128,128,100000,655233,487896.7999,147479.4566
sdd-lstct,D,3,100,1,128,128,128,100000,593549,617223.8799,47524.99963
sdd-lstct,D,3,100,1,128,128,128,100000,426735,510235.5399,34652.46783
sdd-lstct,D,3,100,1,150,150,150,100000,145237,1178253.979,74155.71918
sdd-lstct,D,3,100,1,150,150,150,100000,552623,964476.8799,74945.0708
sdd-lstct,D,3,100,1,150,150,150,100000,530734,874959.4199,69769.41855
sdd-lstct,D,3,100,1,150,150,150,100000,503553,913206.1999,45150.5087
sdd-lstct,D,3,100,1,150,150,150,100000,473822,781913.6999,109925.8384
sdd-lstct,D,3,100,1,250,250,250,100000,693743,1682374.159,509256.095
sdd-lstct,D,3,100,1,250,250,250,100000,703973,1968077.599,656546.4875
sdd-lstct,D,3,100,1,250,250,250,100000,697364,2464126.759,173497.7123
sdd-lstct,D,3,100,1,250,250,250,100000,708143,2080630.379,118078.2923
sdd-lstct,D,3,100,1,250,250,250,100000,698336,2543140.599,151608.3338
sdd-lstct,D,3,100,1,300,300,300,100000,1460846,3068759.059,926351.7652
sdd-lstct,D,3,100,1,300,300,300,100000,1475012,3568849.579,277522.5644
sdd-lstct,D,3,100,1,300,300,300,100000,1477971,3486845.859,534544.836
sdd-lstct,D,3,100,1,300,300,300,100000,1458627,3766948.839,564554.878
sdd-lstct,D,3,100,1,300,300,300,100000,1466956,3266556.279,533339.1421
sdd-lstct,D,3,100,1,200,200,200,100000,453408,1422092.699,529780.4185
sdd-lstct,D,3,100,1,200,200,200,100000,456721,1630144.479,173796.0066
sdd-lstct,D,3,100,1,200,200,200,100000,451389,1251217.259,363371.0552
sdd-lstct,D,3,100,1,200,200,200,100000,455029,1568950.599,147996.0174
sdd-lstct,D,3,100,1,200,200,200,100000,450844,1648507.079,88396.68232
sdd-lstct,D,3,100,1,100,100,100,100000,35870,397073.6999,45745.11765
sdd-lstct,D,3,100,1,100,100,100,100000,69181,404293.4199,6000.517964
sdd-lstct,D,3,100,1,100,100,100,100000,60559,421500.1399,9621.381609
sdd-lstct,D,3,100,1,100,100,100,100000,58035,352377.5399,29722.01124
sdd-lstct,D,3,100,1,100,100,100,100000,53853,333996.2199,2059.07291
sdd-lstct,D,3,100,1,256,256,256,100000,3233532,2108366.779,500502.7702
sdd-lstct,D,3,100,1,256,256,256,100000,3229847,1824022.579,522431.589
sdd-lstct,D,3,100,1,256,256,256,100000,3838873,2526584.439,162527.9175
sdd-lstct,D,3,100,1,256,256,256,100000,3213061,2406581.179,216494.1432
sdd-lstct,D,3,100,1,256,256,256,100000,3225230,2427392.139,257236.0423
sdd-lstct,D,3,100,1,400,400,400,100000,5171329,5838541.819,939683.2853
sdd-lstct,D,3,100,1,400,400,400,100000,5169928,7610216.079,529549.1716
sdd-lstct,D,3,100,1,400,400,400,100000,5150104,6772348,948913.7828
sdd-lstct,D,3,100,1,400,400,400,100000,5185054,8457776.839,1388956.887
sdd-lstct,D,3,100,1,400,400,400,100000,5195554,8910473.139,1471704.338
sdd-lstct,D,3,100,1,224,224,224,100000,845030,1640833.799,667384.7315
sdd-lstct,D,3,100,1,224,224,224,100000,835860,1427193.519,352018.7772
sdd-lstct,D,3,100,1,224,224,224,100000,835681,1652417.319,636517.361
sdd-lstct,D,3,100,1,224,224,224,100000,845020,2156765.579,319784.1606
sdd-lstct,D,3,100,1,224,224,224,100000,848666,2064174.459,176321.9292
sdd-lstct,S,3,100,2,288,288,288,100000,3818277,2252182.259,696050.4355
sdd-lstct,S,3,100,2,288,288,288,100000,3823809,2937217.819,640081.4845
sdd-lstct,S,3,100,2,288,288,288,100000,4514281,3772236.439,106957.004
sdd-lstct,S,3,100,2,288,288,288,100000,3816001,3406144.139,406951.7778
sdd-lstct,S,3,100,2,288,288,288,100000,3823207,3280837.979,649098.7272
sdd-lstct,S,3,100,2,224,224,224,100000,1633986,1323426.039,571440.4548
sdd-lstct,S,3,100,2,224,224,224,100000,1637887,1448400.239,332119.6454
sdd-lstct,S,3,100,2,224,224,224,100000,1649703,2025540.579,216709.9718
sdd-lstct,S,3,100,2,224,224,224,100000,1662993,2123561.399,107010.7683
sdd-lstct,S,3,100,2,224,224,224,100000,1624190,2004322.719,75140.95794
sdd-lstct,S,3,100,2,160,160,160,100000,447220,956511.9799,76812.89295
sdd-lstct,S,3,100,2,160,160,160,100000,1701832,715783.4799,45051.06074
sdd-lstct,S,3,100,2,160,160,160,100000,1597088,566174.9399,9555.629056
sdd-lstct,S,3,100,2,160,160,160,100000,1421027,589188.0999,40338.40525
sdd-lstct,S,3,100,2,160,160,160,100000,1421293,638273.9399,40967.94056
sdd-lstct,S,3,100,2,250,250,250,100000,1316131,1767183.179,690148.2129
sdd-lstct,S,3,100,2,250,250,250,100000,1377975,1937596.219,310509.5321
sdd-lstct,S,3,100,2,250,250,250,100000,1315336,2098707.879,136042.1575
sdd-lstct,S,3,100,2,250,250,250,100000,1320381,2503659.319,364491.1217
sdd-lstct,S,3,100,2,250,250,250,100000,1347063,2542892.659,177859.1264
sdd-lstct,S,3,100,2,96,96,96,100000,85572,98645.37999,79594.35403
sdd-lstct,S,3,100,2,96,96,96,100000,310982,84891.29999,1144.528186
sdd-lstct,S,3,100,2,96,96,96,100000,309782,84841,829.0443413
sdd-lstct,S,3,100,2,96,96,96,100000,309483,90104.85999,811.6738017
sdd-lstct,S,3,100,2,96,96,96,100000,296438,90598.15999,819.1755699
sdd-lstct,S,3,100,2,50,50,50,100000,5248,14186.23999,3221.845791
sdd-lstct,S,3,100,2,50,50,50,100000,12353,14200.89999,459.0822693
sdd-lstct,S,3,100,2,50,50,50,100000,11674,14361.97999,628.2376457
sdd-lstct,S,3,100,2,50,50,50,100000,11631,14307.57999,85.28237567
sdd-lstct,S,3,100,2,50,50,50,100000,11663,14392.29999,729.5018642
sdd-lstct,S,3,100,2,192,192,192,100000,1406313,1322946.079,456568.1404
sdd-lstct,S,3,100,2,192,192,192,100000,1396369,778760.5799,373109.0691
sdd-lstct,S,3,100,2,192,192,192,100000,1398153,1592212.879,74677.72291
sdd-lstct,S,3,100,2,192,192,192,100000,1402208,1528537.839,157276.2045
sdd-lstct,S,3,100,2,192,192,192,100000,1403447,1618910.279,56985.99225
sdd-lstct,S,3,100,2,64,64,64,100000,22755,34127.65999,35502.12249
sdd-lstct,S,3,100,2,64,64,64,100000,95451,21409.31999,617.3367781
sdd-lstct,S,3,100,2,64,64,64,100000,93713,21394.91999,594.6410291
sdd-lstct,S,3,100,2,64,64,64,100000,93881,21439.55999,1031.67247
sdd-lstct,S,3,100,2,64,64,64,100000,91640,39166.35999,917.8153574
sdd-lstct,S,3,100,2,350,350,350,100000,3903049,4058630.119,786016.762
sdd-lstct,S,3,100,2,350,350,350,100000,3901649,5575580.819,288765.4331
sdd-lstct,S,3,100,2,350,350,350,100000,3897232,5421588.859,1022554.87
sdd-lstct,S,3,100,2,350,350,350,100000,3953286,5881068.359,406940.1061
sdd-lstct,S,3,100,2,350,350,350,100000,3971016,6126917.559,450679.3223
sdd-lstct,S,3,100,2,256,256,256,100000,6492160,1416586.079,644877.6093
sdd-lstct,S,3,100,2,256,256,256,100000,6821497,1972130.259,504626.5963
sdd-lstct,S,3,100,2,256,256,256,100000,6489700,2655989.659,134467.5255
sdd-lstct,S,3,100,2,256,256,256,100000,6443915,2538221.159,139092.1704
sdd-lstct,S,3,100,2,256,256,256,100000,6492436,2523551.619,176745.9007
sdd-lstct,S,3,100,2,400,400,400,100000,10016284,5663418.939,656874.8352
sdd-lstct,S,3,100,2,400,400,400,100000,10135733,8797296,670872.2459
sdd-lstct,S,3,100,2,400,400,400,100000,10087176,9631920.5,1415904.036
sdd-lstct,S,3,100,2,400,400,400,100000,10047212,8024155.479,2086392.187
sdd-lstct,S,3,100,2,400,400,400,100000,10086748,8223327.5,216987.2244
sdd-lstct,S,3,100,2,128,128,128,100000,395687,645705.8799,40624.34801
sdd-lstct,S,3,100,2,128,128,128,100000,554664,583287.8999,55386.18651
sdd-lstct,S,3,100,2,128,128,128,100000,661456,521001.8399,36218.14957
sdd-lstct,S,3,100,2,128,128,128,100000,643363,410128.8999,26408.79809
sdd-lstct,S,3,100,2,128,128,128,100000,753095,345100.3799,17071.97961
sdd-lstct,S,3,100,2,300,300,300,100000,2768617,2412858.739,756902.8311
sdd-lstct,S,3,100,2,300,300,300,100000,2823988,3444807.459,548352.5956
sdd-lstct,S,3,100,2,300,300,300,100000,2813955,4256711.559,259646.4541
sdd-lstct,S,3,100,2,300,300,300,100000,2827018,3916390.739,302863.9078
sdd-lstct,S,3,100,2,300,300,300,100000,2815288,3909919.299,246267.2889
sdd-lstct,S,3,100,2,200,200,200,100000,876085,1491786.139,490022.3945
sdd-lstct,S,3,100,2,200,200,200,100000,871267,1139094.739,544346.8736
sdd-lstct,S,3,100,2,200,200,200,100000,1172807,1528431.599,85960.05501
sdd-lstct,S,3,100,2,200,200,200,100000,871856,1606297.819,43601.0902
sdd-lstct,S,3,100,2,200,200,200,100000,871720,1851238.159,76823.97869
sdd-lstct,S,3,100,2,150,150,150,100000,281501,736769.2799,84822.25349
sdd-lstct,S,3,100,2,150,150,150,100000,968635,621695.9199,5923.259855
sdd-lstct,S,3,100,2,150,150,150,100000,968156,626416.6799,34767.61557
sdd-lstct,S,3,100,2,150,150,150,100000,1012823,667084.3599,46182.62374
sdd-lstct,S,3,100,2,150,150,150,100000,993241,650574.7599,32486.85073
sdd-lstct,S,3,100,2,100,100,100,100000,60982,230123.7799,73931.14821
sdd-lstct,S,3,100,2,100,100,100,100000,136683,221290.3799,14798.09095
sdd-lstct,S,3,100,2,100,100,100,100000,127161,237194.1999,14424.42996
sdd-lstct,S,3,100,2,100,100,100,100000,175797,277015.1599,23533.22594
sdd-lstct,S,3,100,2,100,100,100,100000,175527,251234.6199,84927.95859
sdd-lstct,D,3,100,2,288,288,288,100000,3735798,3951681.759,886275.0228
sdd-lstct,D,3,100,2,288,288,288,100000,3765261,4672734.239,883438.1655
sdd-lstct,D,3,100,2,288,288,288,100000,3766695,5681730.479,439823.5936
sdd-lstct,D,3,100,2,288,288,288,100000,3721431,5205650,320615.2005
sdd-lstct,D,3,100,2,288,288,288,100000,3771144,5624958.119,371812.4136
sdd-lstct,D,3,100,2,224,224,224,100000,1710058,2386959.739,690728.3786
sdd-lstct,D,3,100,2,224,224,224,100000,1707455,2598871.5,569579.8821
sdd-lstct,D,3,100,2,224,224,224,100000,1746433,2973729.679,348685.9263
sdd-lstct,D,3,100,2,224,224,224,100000,1701201,3104890.379,87414.27651
sdd-lstct,D,3,100,2,224,224,224,100000,1701445,3003948.399,452401.686
sdd-lstct,D,3,100,2,160,160,160,100000,603225,1214372.739,362077.5208
sdd-lstct,D,3,100,2,160,160,160,100000,604110,1206572.039,344035.9224
sdd-lstct,D,3,100,2,160,160,160,100000,604114,1437321.279,124384.1637
sdd-lstct,D,3,100,2,160,160,160,100000,601751,1465545.339,161293.014
sdd-lstct,D,3,100,2,160,160,160,100000,602794,1698107.599,173011.3672
sdd-lstct,D,3,100,2,250,250,250,100000,1648848,2626001.759,1097544.418
sdd-lstct,D,3,100,2,250,250,250,100000,1641983,3345184.139,643385.9952
sdd-lstct,D,3,100,2,250,250,250,100000,1639172,3461431.619,505881.8696
sdd-lstct,D,3,100,2,250,250,250,100000,1620474,4078638,371928.7585
sdd-lstct,D,3,100,2,250,250,250,100000,1615562,4068860.679,342159.4517
sdd-lstct,D,3,100,2,96,96,96,100000,126650,654660.4799,35592.42862
sdd-lstct,D,3,100,2,96,96,96,100000,405027,578949.7399,34831.46222
sdd-lstct,D,3,100,2,96,96,96,100000,369375,315430.9399,38211.3226
sdd-lstct,D,3,100,2,96,96,96,100000,346008,283565.1599,25566.55393
sdd-lstct,D,3,100,2,96,96,96,100000,449642,302217.0199,9164.274021
sdd-lstct,D,3,100,2,50,50,50,100000,10158,29522.03999,20723.88714
sdd-lstct,D,3,100,2,50,50,50,100000,25251,22901.59999,1177.821327
sdd-lstct,D,3,100,2,50,50,50,100000,23683,22810.03999,959.5978107
sdd-lstct,D,3,100,2,50,50,50,100000,23671,22777.39999,1045.883741
sdd-lstct,D,3,100,2,50,50,50,100000,23220,24275.03999,1589.006431
sdd-lstct,D,3,100,2,192,192,192,100000,2198128,1631669.419,577569.547
sdd-lstct,D,3,100,2,192,192,192,100000,2183832,1576309.119,351972.5304
sdd-lstct,D,3,100,2,192,192,192,100000,2181872,2019676.039,320708.3158
sdd-lstct,D,3,100,2,192,192,192,100000,2175682,1719549.979,89155.2102
sdd-lstct,D,3,100,2,192,192,192,100000,2164363,2286398.5,60855.39781
sdd-lstct,D,3,100,2,64,64,64,100000,31637,54517.69999,69400.97823
sdd-lstct,D,3,100,2,64,64,64,100000,99328,42164.65999,2305.703889
sdd-lstct,D,3,100,2,64,64,64,100000,99385,42103.39999,1398.77871
sdd-lstct,D,3,100,2,64,64,64,100000,97216,41557,1155.595569
sdd-lstct,D,3,100,2,64,64,64,100000,97138,41641.73999,1441.195584
sdd-lstct,D,3,100,2,350,350,350,100000,5455681,7246682.819,935242.4541
sdd-lstct,D,3,100,2,350,350,350,100000,5226564,8650834.099,2081614.859
sdd-lstct,D,3,100,2,350,350,350,100000,5163607,10238306.35,1642981.084
sdd-lstct,D,3,100,2,350,350,350,100000,5105779,10056388.23,1180850.789
sdd-lstct,D,3,100,2,350,350,350,100000,5194526,10539406.91,1947075.355
sdd-lstct,D,3,100,2,256,256,256,100000,6258474,2657897.019,887315.0965
sdd-lstct,D,3,100,2,256,256,256,100000,6342600,4090811.219,562387.9856
sdd-lstct,D,3,100,2,256,256,256,100000,6493938,4214461.799,756638.6268
sdd-lstct,D,3,100,2,256,256,256,100000,6354917,4948400.359,480161.6615
sdd-lstct,D,3,100,2,256,256,256,100000,6258054,4270070.879,270090.6681
sdd-lstct,D,3,100,2,400,400,400,100000,14511999,10483668.81,1211146.413
sdd-lstct,D,3,100,2,400,400,400,100000,14758740,15314850.59,3322751.304
sdd-lstct,D,3,100,2,400,400,400,100000,14603788,13550275.11,1237377.314
sdd-lstct,D,3,100,2,400,400,400,100000,14469053,15723367.27,3334419.682
sdd-lstct,D,3,100,2,400,400,400,100000,14602323,18679178.45,1737936.806
sdd-lstct,D,3,100,2,128,128,128,100000,624900,840813.0799,86824.16615
sdd-lstct,D,3,100,2,128,128,128,100000,616728,772877.5,113179.5023
sdd-lstct,D,3,100,2,128,128,128,100000,630567,656714.8799,99407.89628
sdd-lstct,D,3,100,2,128,128,128,100000,628067,728502.1999,24612.3302
sdd-lstct,D,3,100,2,128,128,128,100000,626574,709347.9399,69732.46339
sdd-lstct,D,3,100,2,300,300,300,100000,3685997,4589642.319,848338.0025
sdd-lstct,D,3,100,2,300,300,300,100000,3693953,5936267.579,458972.1645
sdd-lstct,D,3,100,2,300,300,300,100000,3690178,6845442.419,334379.9611
sdd-lstct,D,3,100,2,300,300,300,100000,3677189,7937482.899,1390452.698
sdd-lstct,D,3,100,2,300,300,300,100000,3654742,6909833.139,1162273.082
sdd-lstct,D,3,100,2,200,200,200,100000,1067446,2009977.899,514133.9688
sdd-lstct,D,3,100,2,200,200,200,100000,1068293,1746649.039,474814.104
sdd-lstct,D,3,100,2,200,200,200,100000,1067069,2144381.759,154723.6003
sdd-lstct,D,3,100,2,200,200,200,100000,1072974,2432212,82330.97564
sdd-lstct,D,3,100,2,200,200,200,100000,1060453,2205020.479,193181.6241
sdd-lstct,D,3,100,2,150,150,150,100000,414989,991935.3599,393835.4711
sdd-lstct,D,3,100,2,150,150,150,100000,413757,1157271.579,318806.5167
sdd-lstct,D,3,100,2,150,150,150,100000,416913,1011388.679,306211.1656
sdd-lstct,D,3,100,2,150,150,150,100000,417504,1529385.319,83350.07076
sdd-lstct,D,3,100,2,150,150,150,100000,421140,975292,248917.8691
sdd-lstct,D,3,100,2,100,100,100,100000,85847,837418.4199,93624.0442
sdd-lstct,D,3,100,2,100,100,100,100000,264218,429274.6799,68223.51725
sdd-lstct,D,3,100,2,100,100,100,100000,142095,315360.4399,8568.835393
sdd-lstct,D,3,100,2,100,100,100,100000,137489,319718.8999,17935.96827
sdd-lstct,D,3,100,2,100,100,100,100000,134647,280063.6999,19901.43516
sdd-lstct,S,3,100,4,288,288,288,100000,8022579,3804665.659,627458.4214
sdd-lstct,S,3,100,4,288,288,288,100000,8018599,5704842.159,1112160.766
sdd-lstct,S,3,100,4,288,288,288,100000,8016493,5538490.299,626500.3385
sdd-lstct,S,3,100,4,288,288,288,100000,8060391,5735972.539,153667.1464
sdd-lstct,S,3,100,4,288,288,288,100000,8041599,6831144.279,652141.6979
sdd-lstct,S,3,100,4,200,200,200,100000,2060872,1542782.959,713955.547
sdd-lstct,S,3,100,4,200,200,200,100000,2086935,1604332.919,733027.5158
sdd-lstct,S,3,100,4,200,200,200,100000,2059756,1943899.099,542565.0541
sdd-lstct,S,3,100,4,200,200,200,100000,2063269,2348884.639,190408.381
sdd-lstct,S,3,100,4,200,200,200,100000,2058144,2397147.399,73529.30441
sdd-lstct,S,3,100,4,128,128,128,100000,1219904,888404.6199,17662.27003
sdd-lstct,S,3,100,4,128,128,128,100000,1236680,821015.5399,45199.50736
sdd-lstct,S,3,100,4,128,128,128,100000,1223826,652452.0799,164418.3493
sdd-lstct,S,3,100,4,128,128,128,100000,1223145,657023.9199,84118.62711
sdd-lstct,S,3,100,4,128,128,128,100000,1224809,729791.5999,31430.68664
sdd-lstct,S,3,100,4,150,150,150,100000,781256,964726.4599,385691.6949
sdd-lstct,S,3,100,4,150,150,150,100000,788071,888967.3399,475817.6363
sdd-lstct,S,3,100,4,150,150,150,100000,799750,1434870.279,121602.4783
sdd-lstct,S,3,100,4,150,150,150,100000,796788,1238851.239,304202.3715
sdd-lstct,S,3,100,4,150,150,150,100000,786916,1320654.579,68469.25458
sdd-lstct,S,3,100,4,160,160,160,100000,1298876,1268437.419,458502.8094
sdd-lstct,S,3,100,4,160,160,160,100000,1281422,977394.1799,369478.4864
sdd-lstct,S,3,100,4,160,160,160,100000,1278861,1449160.319,124663.185
sdd-lstct,S,3,100,4,160,160,160,100000,1286143,1616674.799,88027.45228
sdd-lstct,S,3,100,4,160,160,160,100000,1280705,1647419.139,67225.11605
sdd-lstct,S,3,100,4,64,64,64,100000,53408,53174.5,63508.79744
sdd-lstct,S,3,100,4,64,64,64,100000,246660,37304.69999,1232.905612
sdd-lstct,S,3,100,4,64,64,64,100000,243863,38164.31999,1996.210584
sdd-lstct,S,3,100,4,64,64,64,100000,263323,40306.19999,959.7169582
sdd-lstct,S,3,100,4,64,64,64,100000,262906,40008.21999,732.7899095
sdd-lstct,S,3,100,4,50,50,50,100000,10801,29276.21999,19639.05049
sdd-lstct,S,3,100,4,50,50,50,100000,39289,97003,20365.06713
sdd-lstct,S,3,100,4,50,50,50,100000,60378,103289.2599,1464.348999
sdd-lstct,S,3,100,4,50,50,50,100000,60541,136274.1199,6933.040598
sdd-lstct,S,3,100,4,50,50,50,100000,59213,132733.2199,5762.530407
sdd-lstct,S,3,100,4,250,250,250,100000,5787900,2517542.159,819099.8285
sdd-lstct,S,3,100,4,250,250,250,100000,3500750,4019927.179,237873.6573
sdd-lstct,S,3,100,4,250,250,250,100000,3223435,4652119,480777.3202
sdd-lstct,S,3,100,4,250,250,250,100000,3165975,4005098.899,235477.984
sdd-lstct,S,3,100,4,250,250,250,100000,3119791,4513361,376674.6785
sdd-lstct,S,3,100,4,96,96,96,100000,234746,460847.6999,51981.32049
sdd-lstct,S,3,100,4,96,96,96,100000,734680,440140.3199,10148.00178
sdd-lstct,S,3,100,4,96,96,96,100000,736089,375891.7799,13912.68015
sdd-lstct,S,3,100,4,96,96,96,100000,686807,341492,32405.48783
sdd-lstct,S,3,100,4,96,96,96,100000,708578,216793.9399,2867.56197
sdd-lstct,S,3,100,4,350,350,350,100000,9898715,8062803.579,705961.7086
sdd-lstct,S,3,100,4,350,350,350,100000,9810917,9933875.119,1394907.926
sdd-lstct,S,3,100,4,350,350,350,100000,9852406,10685729.41,849573.6954
sdd-lstct,S,3,100,4,350,350,350,100000,9847898,11728784.85,448043.3576
sdd-lstct,S,3,100,4,350,350,350,100000,10001400,11825249.91,1764526.321
sdd-lstct,S,3,100,4,100,100,100,100000,159406,732718.6399,124152.0078
sdd-lstct,S,3,100,4,100,100,100,100000,520649,428328.5599,30453.8236
sdd-lstct,S,3,100,4,100,100,100,100000,288194,319594.9599,42326.10884
sdd-lstct,S,3,100,4,100,100,100,100000,322470,217093.5399,2223.101978
sdd-lstct,S,3,100,4,100,100,100,100000,322119,215957.7199,3194.660683
sdd-lstct,S,3,100,4,300,300,300,100000,7085643,4732611.319,632876.669
sdd-lstct,S,3,100,4,300,300,300,100000,7127864,6166021.079,1201568.626
sdd-lstct,S,3,100,4,300,300,300,100000,7085176,7012682.039,253882.171
sdd-lstct,S,3,100,4,300,300,300,100000,7070144,6723153,1306045.386
sdd-lstct,S,3,100,4,300,300,300,100000,7134491,6278692.399,1124250.393
sdd-lstct,S,3,100,4,400,400,400,100000,27619748,10760896.65,886948.0027
sdd-lstct,S,3,100,4,400,400,400,100000,27335754,15097842.89,1500108.094
sdd-lstct,S,3,100,4,400,400,400,100000,27550123,12870933.57,1246674.584
sdd-lstct,S,3,100,4,400,400,400,100000,35497992,15711604.93,866555.4491
sdd-lstct,S,3,100,4,400,400,400,100000,27590322,14920844.09,2193392.757
sdd-lstct,S,3,100,4,256,256,256,100000,12782059,2821288.819,312855.2011
sdd-lstct,S,3,100,4,256,256,256,100000,12600911,4728887.839,511953.5449
sdd-lstct,S,3,100,4,256,256,256,100000,12927699,4648288.539,141850.3767
sdd-lstct,S,3,100,4,256,256,256,100000,12518735,5223775.239,323226.6096
sdd-lstct,S,3,100,4,256,256,256,100000,14444750,4762479.039,304806.1832
sdd-lstct,S,3,100,4,192,192,192,100000,4244915,1409584.679,571804.7068
sdd-lstct,S,3,100,4,192,192,192,100000,4257940,1566379.199,44457.69012
sdd-lstct,S,3,100,4,192,192,192,100000,4280201,2141892.819,181493.8297
sdd-lstct,S,3,100,4,192,192,192,100000,4266369,2040142.759,160698.3778
sdd-lstct,S,3,100,4,192,192,192,100000,4272300,1814969.539,57289.65393
sdd-lstct,S,3,100,4,224,224,224,100000,3667424,1970394.659,814595.7615
sdd-lstct,S,3,100,4,224,224,224,100000,3649896,2522044.339,763848.9075
sdd-lstct,S,3,100,4,224,224,224,100000,3692485,3176768.979,173785.4801
sdd-lstct,S,3,100,4,224,224,224,100000,3646280,2915188.939,248232.8292
sdd-lstct,S,3,100,4,224,224,224,100000,3687264,3048804.159,474097.6228
sdd-lstct,D,3,100,4,288,288,288,100000,10400011,7223768.599,1091606.88
sdd-lstct,D,3,100,4,288,288,288,100000,10481626,11940513,2102965.499
sdd-lstct,D,3,100,4,288,288,288,100000,10411784,9372015.559,834786.439
sdd-lstct,D,3,100,4,288,288,288,100000,10225041,8085915.759,1353763.519
sdd-lstct,D,3,100,4,288,288,288,100000,10371040,10855097.73,1859721.359
sdd-lstct,D,3,100,4,200,200,200,100000,2620504,2535407.339,947013.1949
sdd-lstct,D,3,100,4,200,200,200,100000,2607681,3962667.959,289435.9703
sdd-lstct,D,3,100,4,200,200,200,100000,2606015,3851844.599,259061.8487
sdd-lstct,D,3,100,4,200,200,200,100000,2636561,3516329.799,798155.6434
sdd-lstct,D,3,100,4,200,200,200,100000,2611244,3715599.639,518914.1701
sdd-lstct,D,3,100,4,128,128,128,100000,1515668,972535.2999,302808.9119
sdd-lstct,D,3,100,4,128,128,128,100000,1500264,957137.1799,246161.5137
sdd-lstct,D,3,100,4,128,128,128,100000,1522046,764796.5999,320118.2884
sdd-lstct,D,3,100,4,128,128,128,100000,1488552,851812.5199,22782.89026
sdd-lstct,D,3,100,4,128,128,128,100000,1509613,937886.7199,108361.1077
sdd-lstct,D,3,100,4,150,150,150,100000,1335363,1721459.139,499323.2419
sdd-lstct,D,3,100,4,150,150,150,100000,1325484,1382984.479,335077.9063
sdd-lstct,D,3,100,4,150,150,150,100000,1340942,1650002.899,249943.3039
sdd-lstct,D,3,100,4,150,150,150,100000,1356791,1781072.099,305926.2013
sdd-lstct,D,3,100,4,150,150,150,100000,1374285,2169766.399,125373.6054
sdd-lstct,D,3,100,4,160,160,160,100000,1741714,1498775.859,658092.5939
sdd-lstct,D,3,100,4,160,160,160,100000,1738841,1552894.799,455158.8746
sdd-lstct,D,3,100,4,160,160,160,100000,1761034,2051699.879,224944.1455
sdd-lstct,D,3,100,4,160,160,160,100000,1741900,2270937.159,292496.3776
sdd-lstct,D,3,100,4,160,160,160,100000,1748248,2578866.259,296729.152
sdd-lstct,D,3,100,4,64,64,64,100000,66421,326938.2599,32122.37757
sdd-lstct,D,3,100,4,64,64,64,100000,128607,265802.6799,6421.860277
sdd-lstct,D,3,100,4,64,64,64,100000,133928,161416.5999,38879.0316
sdd-lstct,D,3,100,4,64,64,64,100000,178845,99849.31999,1046.901742
sdd-lstct,D,3,100,4,64,64,64,100000,183686,100763.8399,4635.071681
sdd-lstct,D,3,100,4,50,50,50,100000,16203,45462,46432.44336
sdd-lstct,D,3,100,4,50,50,50,100000,52553,34546.11999,1166.581564
sdd-lstct,D,3,100,4,50,50,50,100000,51417,34460.01999,1142.322222
sdd-lstct,D,3,100,4,50,50,50,100000,51495,34456.95999,935.3513555
sdd-lstct,D,3,100,4,50,50,50,100000,51314,34475.35999,1144.959139
sdd-lstct,D,3,100,4,250,250,250,100000,4723310,4807774.779,855491.0864
sdd-lstct,D,3,100,4,250,250,250,100000,4771684,5911794.939,427459.5704
sdd-lstct,D,3,100,4,250,250,250,100000,4765303,7751784.779,1516527.805
sdd-lstct,D,3,100,4,250,250,250,100000,4751837,8213540.379,570495.2996
sdd-lstct,D,3,100,4,250,250,250,100000,4736959,7548309.119,597528.6834
sdd-lstct,D,3,100,4,96,96,96,100000,400847,655849.8199,47906.25543
sdd-lstct,D,3,100,4,96,96,96,100000,673566,540538.5199,83596.96374
sdd-lstct,D,3,100,4,96,96,96,100000,631012,410938.7199,17218.34162
sdd-lstct,D,3,100,4,96,96,96,100000,595784,410365.7399,7083.502161
sdd-lstct,D,3,100,4,96,96,96,100000,602554,408078.2399,14165.75821
sdd-lstct,D,3,100,4,350,350,350,100000,13231364,13098526.5,2037335.039
sdd-lstct,D,3,100,4,350,350,350,100000,13202977,18072365.55,1904546.804
sdd-lstct,D,3,100,4,350,350,350,100000,13663083,16386539.71,1772048.36
sdd-lstct,D,3,100,4,350,350,350,100000,13118541,16291434.33,4989546.926
sdd-lstct,D,3,100,4,350,350,350,100000,13123984,20098787.13,3340445.256
sdd-lstct,D,3,100,4,100,100,100,100000,224944,615269.2399,65482.20371
sdd-lstct,D,3,100,4,100,100,100,100000,651342,552449.2999,41741.46151
sdd-lstct,D,3,100,4,100,100,100,100000,581347,444759.7199,51825.3331
sdd-lstct,D,3,100,4,100,100,100,100000,586239,363292.8399,15366.36089
sdd-lstct,D,3,100,4,100,100,100,100000,574030,333196.6199,4564.871169
sdd-lstct,D,3,100,4,300,300,300,100000,8981059,8265577.779,1060963.766
sdd-lstct,D,3,100,4,300,300,300,100000,8525195,14446895.09,1308141.727
sdd-lstct,D,3,100,4,300,300,300,100000,8465642,11768903.03,843588.6368
sdd-lstct,D,3,100,4,300,300,300,100000,8498454,11202220.81,1594736.623
sdd-lstct,D,3,100,4,300,300,300,100000,8582936,11551727,811961.7609
sdd-lstct,D,3,100,4,400,400,400,100000,22513376,17170366.83,1486108.045
sdd-lstct,D,3,100,4,400,400,400,100000,24248170,22830405.29,5510477.325
sdd-lstct,D,3,100,4,400,400,400,100000,26250912,21957978.55,4694853.559
sdd-lstct,D,3,100,4,400,400,400,100000,24270106,22069775.81,2138281.404
sdd-lstct,D,3,100,4,400,400,400,100000,24171978,18504899.11,1876113.601
sdd-lstct,D,3,100,4,256,256,256,100000,12124856,5115934.819,919956.6163
sdd-lstct,D,3,100,4,256,256,256,100000,11947947,7827366.959,353327.0932
sdd-lstct,D,3,100,4,256,256,256,100000,12069344,8452095.5,633895.668
sdd-lstct,D,3,100,4,256,256,256,100000,12035075,7634103.739,351036.1931
sdd-lstct,D,3,100,4,256,256,256,100000,11968584,7272405.679,1643800.6
sdd-lstct,D,3,100,4,192,192,192,100000,4513726,2030187.639,821057.6989
sdd-lstct,D,3,100,4,192,192,192,100000,4460136,2434811.439,1115707.221
sdd-lstct,D,3,100,4,192,192,192,100000,4492075,3771686.619,251373.053
sdd-lstct,D,3,100,4,192,192,192,100000,4470020,3636547.159,346856.5481
sdd-lstct,D,3,100,4,192,192,192,100000,4472368,3856227.519,221773.0929
sdd-lstct,D,3,100,4,224,224,224,100000,4835159,3528594.759,712263.4738
sdd-lstct,D,3,100,4,224,224,224,100000,4825074,4477003.919,616749.0269
sdd-lstct,D,3,100,4,224,224,224,100000,4820674,5574429.959,1374696.254
sdd-lstct,D,3,100,4,224,224,224,100000,4820869,5257877.439,326386.7804
sdd-lstct,D,3,100,4,224,224,224,100000,4832855,5616683.259,468772.4826
sdd-lstct,S,3,100,8,100,100,100,100000,474498,636458.4399,41792.20439
sdd-lstct,S,3,100,8,100,100,100,100000,1335078,597494.1799,25304.50107
sdd-lstct,S,3,100,8,100,100,100,100000,1114220,476726.5599,79151.94756
sdd-lstct,S,3,100,8,100,100,100,100000,1045512,344008.9399,15014.79399
sdd-lstct,S,3,100,8,100,100,100,100000,1045959,327324.1199,13406.26903
sdd-lstct,S,3,100,8,192,192,192,100000,8860975,1797652.279,559922.2916
sdd-lstct,S,3,100,8,192,192,192,100000,8875585,3306307.259,517409.6039
sdd-lstct,S,3,100,8,192,192,192,100000,8835037,3826552.479,316133.7027
sdd-lstct,S,3,100,8,192,192,192,100000,8865270,3663656.079,262303.9469
sdd-lstct,S,3,100,8,192,192,192,100000,8830989,3657870.419,608589.2239
sdd-lstct,S,3,100,8,160,160,160,100000,3569092,1544367.719,618521.9731
sdd-lstct,S,3,100,8,160,160,160,100000,3606088,1318111.199,641374.7468
sdd-lstct,S,3,100,8,160,160,160,100000,3643975,2406658.559,85467.07584
sdd-lstct,S,3,100,8,160,160,160,100000,3591844,2009741.519,60959.67788
sdd-lstct,S,3,100,8,160,160,160,100000,3643998,2444157.719,47073.76445
sdd-lstct,S,3,100,8,250,250,250,100000,9735724,4706012.439,934867.4268
sdd-lstct,S,3,100,8,250,250,250,100000,9148130,6647918.879,643298.8994
sdd-lstct,S,3,100,8,250,250,250,100000,9228206,6663101.739,552509.0139
sdd-lstct,S,3,100,8,250,250,250,100000,9189275,6531936.039,583820.5977
sdd-lstct,S,3,100,8,250,250,250,100000,9242310,6720228.239,380784.2706
sdd-lstct,S,3,100,8,150,150,150,100000,2501971,1422103.479,664006.8992
sdd-lstct,S,3,100,8,150,150,150,100000,2461195,1640524.619,481742.4669
sdd-lstct,S,3,100,8,150,150,150,100000,2495418,1883757.819,94240.79579
sdd-lstct,S,3,100,8,150,150,150,100000,2479588,2249474.279,277319.474
sdd-lstct,S,3,100,8,150,150,150,100000,2473228,2143491.039,193264.4207
sdd-lstct,S,3,100,8,288,288,288,100000,21523702,7382004.559,882349.0176
sdd-lstct,S,3,100,8,288,288,288,100000,21630132,10600083.95,365459.2834
sdd-lstct,S,3,100,8,288,288,288,100000,21655914,12210844.21,1126062.198
sdd-lstct,S,3,100,8,288,288,288,100000,21884425,10088175.03,354425.8941
sdd-lstct,S,3,100,8,288,288,288,100000,21502228,11299674.63,2119043.434
sdd-lstct,S,3,100,8,200,200,200,100000,5143336,2633150.879,825751.7939
sdd-lstct,S,3,100,8,200,200,200,100000,5093174,2912157.339,576937.1683
sdd-lstct,S,3,100,8,200,200,200,100000,5063672,3829230.799,269102.3685
sdd-lstct,S,3,100,8,200,200,200,100000,5077423,4316239.879,356528.7847
sdd-lstct,S,3,100,8,200,200,200,100000,5094532,3973530.819,329749.1366
sdd-lstct,S,3,100,8,224,224,224,100000,9993140,3041428.719,706972.7553
sdd-lstct,S,3,100,8,224,224,224,100000,9959385,4479558.519,1009840.2
sdd-lstct,S,3,100,8,224,224,224,100000,10051479,5370311.119,259830.2757
sdd-lstct,S,3,100,8,224,224,224,100000,10036006,5277313.719,374299.3214
sdd-lstct,S,3,100,8,224,224,224,100000,10067085,5403681.339,551380.2469
sdd-lstct,S,3,100,8,350,350,350,100000,25392833,12319961.17,1438777.231
sdd-lstct,S,3,100,8,350,350,350,100000,25452401,19299877.97,1162077.371
sdd-lstct,S,3,100,8,350,350,350,100000,25783257,14910895.57,2672761.616
sdd-lstct,S,3,100,8,350,350,350,100000,25568804,17167871.75,960935.4311
sdd-lstct,S,3,100,8,350,350,350,100000,25781842,17483469.53,1122489.969
sdd-lstct,S,3,100,8,400,400,400,100000,48212387,16288926,1705820.603
sdd-lstct,S,3,100,8,400,400,400,100000,48468698,18582037.27,2759710.258
sdd-lstct,S,3,100,8,400,400,400,100000,47813372,21619956.27,1566871.857
sdd-lstct,S,3,100,8,400,400,400,100000,48157134,19446485.53,1720577.675
sdd-lstct,S,3,100,8,400,400,400,100000,47560097,19810591.27,2175135.484
sdd-lstct,S,3,100,8,256,256,256,100000,23967371,5032078.219,685047.0759
sdd-lstct,S,3,100,8,256,256,256,100000,23898565,7130777.379,387937.7163
sdd-lstct,S,3,100,8,256,256,256,100000,24496047,7433787.259,272752.2342
sdd-lstct,S,3,100,8,256,256,256,100000,23894936,7965115.479,1204375.86
sdd-lstct,S,3,100,8,256,256,256,100000,23869629,7460583.199,252195.0877
sdd-lstct,S,3,100,8,50,50,50,100000,34687,71578.21999,51356.84542
sdd-lstct,S,3,100,8,50,50,50,100000,90762,55579.31999,1019.072273
sdd-lstct,S,3,100,8,50,50,50,100000,89507,55340.07999,826.9599951
sdd-lstct,S,3,100,8,50,50,50,100000,89302,56636.07999,3508.144391
sdd-lstct,S,3,100,8,50,50,50,100000,89360,62519.69999,511.3164284
sdd-lstct,S,3,100,8,96,96,96,100000,822560,817523.1199,107779.5258
sdd-lstct,S,3,100,8,96,96,96,100000,1107725,521621.9599,12021.05988
sdd-lstct,S,3,100,8,96,96,96,100000,1149762,419215.2999,3379.638035
sdd-lstct,S,3,100,8,96,96,96,100000,1132984,410600.5399,15332.14821
sdd-lstct,S,3,100,8,96,96,96,100000,1064551,359965.8999,9321.068746
sdd-lstct,S,3,100,8,128,128,128,100000,2956263,1170143.5,219626.7124
sdd-lstct,S,3,100,8,128,128,128,100000,3010428,997615.8999,224300.4925
sdd-lstct,S,3,100,8,128,128,128,100000,2998860,1037279,180907.5245
sdd-lstct,S,3,100,8,128,128,128,100000,3001716,1097943.199,34912.85221
sdd-lstct,S,3,100,8,128,128,128,100000,3003819,973452.7399,12869.61505
sdd-lstct,S,3,100,8,300,300,300,100000,16536503,7726058.719,848744.1938
sdd-lstct,S,3,100,8,300,300,300,100000,16720806,10636172.95,792848.1382
sdd-lstct,S,3,100,8,300,300,300,100000,20929362,9886486.139,1216515.271
sdd-lstct,S,3,100,8,300,300,300,100000,16549224,11967180.21,738009.9756
sdd-lstct,S,3,100,8,300,300,300,100000,16488871,10218879.71,1068272.105
sdd-lstct,S,3,100,8,64,64,64,100000,121697,199315.0799,53222.71487
sdd-lstct,S,3,100,8,64,64,64,100000,363288,183961.0199,1730.74871
sdd-lstct,S,3,100,8,64,64,64,100000,381740,192056.2799,6230.331124
sdd-lstct,S,3,100,8,64,64,64,100000,381164,200837.9599,9756.395715
sdd-lstct,S,3,100,8,64,64,64,100000,363287,150967.7199,19244.20989
sdd-lstct,D,3,100,8,100,100,100,100000,645852,1167441,318641.4536
sdd-lstct,D,3,100,8,100,100,100,100000,644540,866435.3999,428181.6464
sdd-lstct,D,3,100,8,100,100,100,100000,643677,998481.1999,449150.237
sdd-lstct,D,3,100,8,100,100,100,100000,639975,1200718.119,303764.3464
sdd-lstct,D,3,100,8,100,100,100,100000,645040,1391347.959,196452.9586
sdd-lstct,D,3,100,8,192,192,192,100000,9692064,4573344.399,290601.4221
sdd-lstct,D,3,100,8,192,192,192,100000,9412963,5035551.699,533935.5732
sdd-lstct,D,3,100,8,192,192,192,100000,9365853,6210644.459,1042263.705
sdd-lstct,D,3,100,8,192,192,192,100000,9397475,6085258.719,309084.948
sdd-lstct,D,3,100,8,192,192,192,100000,9337915,6908961.959,1420492.699
sdd-lstct,D,3,100,8,160,160,160,100000,5236668,2443787.759,1116939.267
sdd-lstct,D,3,100,8,160,160,160,100000,5228704,3341079.599,971604.1518
sdd-lstct,D,3,100,8,160,160,160,100000,5241932,4476077.439,374413.3737
sdd-lstct,D,3,100,8,160,160,160,100000,5427314,2497205.559,696566.0609
sdd-lstct,D,3,100,8,160,160,160,100000,5266147,3670297.819,624232.877
sdd-lstct,D,3,100,8,250,250,250,100000,10236471,9652015.599,970072.1637
sdd-lstct,D,3,100,8,250,250,250,100000,10181881,12519901.83,308347.8225
sdd-lstct,D,3,100,8,250,250,250,100000,10386635,13761340.01,2079593.393
sdd-lstct,D,3,100,8,250,250,250,100000,10222312,14213916.93,609454.4392
sdd-lstct,D,3,100,8,250,250,250,100000,10230279,15377263.07,1932414.789
sdd-lstct,D,3,100,8,150,150,150,100000,2231955,2513237.299,849522.6441
sdd-lstct,D,3,100,8,150,150,150,100000,2232964,2293017.639,240183.0937
sdd-lstct,D,3,100,8,150,150,150,100000,2226079,3549343.439,318462.3646
sdd-lstct,D,3,100,8,150,150,150,100000,2220058,3774153.919,118467.0197
sdd-lstct,D,3,100,8,150,150,150,100000,2229494,3084267.039,408756.4647
sdd-lstct,D,3,100,8,288,288,288,100000,29445065,11597560.53,1550204.154
sdd-lstct,D,3,100,8,288,288,288,100000,29967136,17590095.89,3689116.071
sdd-lstct,D,3,100,8,288,288,288,100000,29562289,18892971.69,2602269.893
sdd-lstct,D,3,100,8,288,288,288,100000,30164054,19083369.29,1164759.681
sdd-lstct,D,3,100,8,288,288,288,100000,31277333,17763702.77,2477665.309
sdd-lstct,D,3,100,8,200,200,200,100000,5251524,5120655.479,875404.5343
sdd-lstct,D,3,100,8,200,200,200,100000,5233452,5983056.079,1049262.156
sdd-lstct,D,3,100,8,200,200,200,100000,5351859,7708569.979,2017490.698
sdd-lstct,D,3,100,8,200,200,200,100000,5244341,7452843.919,1488509.32
sdd-lstct,D,3,100,8,200,200,200,100000,5214795,6694725.919,992701.2133
sdd-lstct,D,3,100,8,224,224,224,100000,14653078,6952296.279,869102.4636
sdd-lstct,D,3,100,8,224,224,224,100000,14685317,11814732.29,1675115.294
sdd-lstct,D,3,100,8,224,224,224,100000,14608130,10139438.19,1126324.576
sdd-lstct,D,3,100,8,224,224,224,100000,14771626,9635795.679,704955.5933
sdd-lstct,D,3,100,8,224,224,224,100000,19152624,8607840.479,391489.6829
sdd-lstct,D,3,100,8,350,350,350,100000,40592944,20919697.23,2737668.289
sdd-lstct,D,3,100,8,350,350,350,100000,35215977,27063610.19,1495152.384
sdd-lstct,D,3,100,8,350,350,350,100000,39701008,34745173.13,5523739.513
sdd-lstct,D,3,100,8,350,350,350,100000,40020878,25919265.03,6912807.347
sdd-lstct,D,3,100,8,350,350,350,100000,61970662,26625695.57,3125606.418
sdd-lstct,D,3,100,8,400,400,400,100000,82159898,33261469.67,2338202.641
sdd-lstct,D,3,100,8,400,400,400,100000,76652588,37893032.53,8051672.361
sdd-lstct,D,3,100,8,400,400,400,100000,69760218,36673815.25,2685924.497
sdd-lstct,D,3,100,8,400,400,400,100000,74064605,38441541.81,3672710.123
sdd-lstct,D,3,100,8,400,400,400,100000,75188983,34619923.77,3098825.77
sdd-lstct,D,3,100,8,256,256,256,100000,24193269,9927977.339,1063497.764
sdd-lstct,D,3,100,8,256,256,256,100000,23974929,14858369.93,1050260.934
sdd-lstct,D,3,100,8,256,256,256,100000,24774334,12096448.69,593789.7642
sdd-lstct,D,3,100,8,256,256,256,100000,24209490,16314703.17,2907932.57
sdd-lstct,D,3,100,8,256,256,256,100000,23855312,14496324.5,1272528.324
sdd-lstct,D,3,100,8,50,50,50,100000,50774,232671.3799,36257.91974
sdd-lstct,D,3,100,8,50,50,50,100000,158762,193936.5799,8452.735985
sdd-lstct,D,3,100,8,50,50,50,100000,157413,170641.2399,1775.22113
sdd-lstct,D,3,100,8,50,50,50,100000,156942,164893.0599,13565.79256
sdd-lstct,D,3,100,8,50,50,50,100000,158648,138514.9399,1951.656787
sdd-lstct,D,3,100,8,96,96,96,100000,1037263,1078262.819,96740.87852
sdd-lstct,D,3,100,8,96,96,96,100000,1040153,953026.4199,209128.3235
sdd-lstct,D,3,100,8,96,96,96,100000,1044190,819607.2599,279488.273
sdd-lstct,D,3,100,8,96,96,96,100000,1037109,959354.3999,173544.8038
sdd-lstct,D,3,100,8,96,96,96,100000,1044788,951312.9399,59383.65449
sdd-lstct,D,3,100,8,128,128,128,100000,3020503,1600715.759,736602.6135
sdd-lstct,D,3,100,8,128,128,128,100000,3003613,1614245.299,493889.1846
sdd-lstct,D,3,100,8,128,128,128,100000,3008694,1938410.179,268092.1277
sdd-lstct,D,3,100,8,128,128,128,100000,3012382,2180532.799,254073.8201
sdd-lstct,D,3,100,8,128,128,128,100000,2957752,2255959.619,126186.1427
sdd-lstct,D,3,100,8,300,300,300,100000,19788391,13898723.27,1262524.812
sdd-lstct,D,3,100,8,300,300,300,100000,18360958,20796160.91,1984207.066
sdd-lstct,D,3,100,8,300,300,300,100000,18140346,19758595.23,2127887.672
sdd-lstct,D,3,100,8,300,300,300,100000,17222056,18966235.95,6039693.037
sdd-lstct,D,3,100,8,300,300,300,100000,17263455,18532386.61,1464668.935
sdd-lstct,D,3,100,8,64,64,64,100000,223339,278504.8199,23607.40662
sdd-lstct,D,3,100,8,64,64,64,100000,255256,289677.5999,13413.32709
sdd-lstct,D,3,100,8,64,64,64,100000,717105,274742.8799,31516.42844
sdd-lstct,D,3,100,8,64,64,64,100000,299292,172256.1399,2607.117626
sdd-lstct,D,3,100,8,64,64,64,100000,309061,172917.3199,3095.35613
