algorithm,precision,dims,iterations,s,nx,ny,nz,substrate_step,x_tile_size,init_time,time,std_dev
lstmdtfai,S,3,100,1,64,64,64,1,10000,1,5423.6,532.813138
lstmdtfai,S,3,100,1,64,64,64,1,10000,4,5308.32,28.95406016
lstmdtfai,S,3,100,1,64,64,64,1,10000,3,5301.32,40.95189373
lstmdtfai,S,3,100,1,64,64,64,1,10000,4,5288.16,41.80208607
lstmdtfai,S,3,100,1,64,64,64,1,10000,4,5313.04,42.0385347
lstmdtfai,S,3,100,1,500,500,500,1,10000,11,927602.48,3511.560885
lstmdtfai,S,3,100,1,500,500,500,1,10000,12,926981.04,3425.64624
lstmdtfai,S,3,100,1,500,500,500,1,10000,18,836703.04,88587.24299
lstmdtfai,S,3,100,1,500,500,500,1,10000,18,919710.22,23538.01582
lstmdtfai,S,3,100,1,500,500,500,1,10000,13,843062.4,64904.53282
lstmdtfai,S,3,100,1,1000,1000,1000,1,10000,29,12714757.44,1879569.456
lstmdtfai,S,3,100,1,1000,1000,1000,1,10000,30,17811426.32,442996.729
lstmdtfai,S,3,100,1,1000,1000,1000,1,10000,28,13106356.42,2826364.506
lstmdtfai,S,3,100,1,1000,1000,1000,1,10000,28,17632167.42,285874.5507
lstmdtfai,S,3,100,1,1000,1000,1000,1,10000,30,17726896.66,588545.7488
lstmdtfai,S,3,100,1,50,50,50,1,10000,1,2582.96,343.5385836
lstmdtfai,S,3,100,1,50,50,50,1,10000,4,2492.24,19.41912459
lstmdtfai,S,3,100,1,50,50,50,1,10000,2,2507.92,20.57069761
lstmdtfai,S,3,100,1,50,50,50,1,10000,2,2525.26,16.04968536
lstmdtfai,S,3,100,1,50,50,50,1,10000,2,2536.08,21.84018315
lstmdtfai,S,3,100,1,288,288,288,1,10000,6,116078.54,10771.56876
lstmdtfai,S,3,100,1,288,288,288,1,10000,9,122591.96,4438.864192
lstmdtfai,S,3,100,1,288,288,288,1,10000,6,110684.64,4083.067772
lstmdtfai,S,3,100,1,288,288,288,1,10000,6,109474.24,273.5784027
lstmdtfai,S,3,100,1,288,288,288,1,10000,11,109581.02,260.6949551
lstmdtfai,S,3,100,1,192,192,192,1,10000,4,31869.76,765.8035142
lstmdtfai,S,3,100,1,192,192,192,1,10000,5,32567.62,124.2405554
lstmdtfai,S,3,100,1,192,192,192,1,10000,4,32325.5,68.95077955
lstmdtfai,S,3,100,1,192,192,192,1,10000,5,32016.24,81.64987691
lstmdtfai,S,3,100,1,192,192,192,1,10000,4,32015.78,61.60723659
lstmdtfai,S,3,100,1,160,160,160,1,10000,3,28609.38,964.7117681
lstmdtfai,S,3,100,1,160,160,160,1,10000,4,28488.7,72.71182847
lstmdtfai,S,3,100,1,160,160,160,1,10000,4,28571.7,73.34909679
lstmdtfai,S,3,100,1,160,160,160,1,10000,5,28593.28,69.11874999
lstmdtfai,S,3,100,1,160,160,160,1,10000,4,28578.06,86.39291869
lstmdtfai,S,3,100,1,350,350,350,1,10000,8,222460.24,2079.339853
lstmdtfai,S,3,100,1,350,350,350,1,10000,9,223228.24,370.6872838
lstmdtfai,S,3,100,1,350,350,350,1,10000,8,204661.74,4766.087602
lstmdtfai,S,3,100,1,350,350,350,1,10000,12,222159.34,323.5027425
lstmdtfai,S,3,100,1,350,350,350,1,10000,8,221342.86,5155.136891
lstmdtfai,S,3,100,1,96,96,96,1,10000,2,9284.46,544.6050022
lstmdtfai,S,3,100,1,96,96,96,1,10000,3,9193.68,42.32939404
lstmdtfai,S,3,100,1,96,96,96,1,10000,2,9183.42,34.76094935
lstmdtfai,S,3,100,1,96,96,96,1,10000,2,9192.62,41.49838069
lstmdtfai,S,3,100,1,96,96,96,1,10000,2,9217.88,33.62001785
lstmdtfai,S,3,100,1,128,128,128,1,10000,3,17356.14,872.3919534
lstmdtfai,S,3,100,1,128,128,128,1,10000,3,17304.14,95.53826668
lstmdtfai,S,3,100,1,128,128,128,1,10000,3,17347.12,74.71696996
lstmdtfai,S,3,100,1,128,128,128,1,10000,3,17400.46,67.35672498
lstmdtfai,S,3,100,1,128,128,128,1,10000,3,17419.14,64.75739649
lstmdtfai,S,3,100,1,150,150,150,1,10000,3,21260.66,851.7854333
lstmdtfai,S,3,100,1,150,150,150,1,10000,4,22564.52,54.18237352
lstmdtfai,S,3,100,1,150,150,150,1,10000,4,23418.2,53.07164968
lstmdtfai,S,3,100,1,150,150,150,1,10000,3,21294.86,47.69948008
lstmdtfai,S,3,100,1,150,150,150,1,10000,4,21273.96,37.61699616
lstmdtfai,S,3,100,1,250,250,250,1,10000,6,70009.16,533.9841706
lstmdtfai,S,3,100,1,250,250,250,1,10000,7,70346.36,113.2812006
lstmdtfai,S,3,100,1,250,250,250,1,10000,6,70358.4,120.9429618
lstmdtfai,S,3,100,1,250,250,250,1,10000,6,70291.98,94.68505479
lstmdtfai,S,3,100,1,250,250,250,1,10000,6,70375.78,108.9560076
lstmdtfai,S,3,100,1,300,300,300,1,10000,6,140595.04,1381.656353
lstmdtfai,S,3,100,1,300,300,300,1,10000,7,141274.2,163.0325121
lstmdtfai,S,3,100,1,300,300,300,1,10000,7,119679.46,5327.284769
lstmdtfai,S,3,100,1,300,300,300,1,10000,10,119327.32,473.0551951
lstmdtfai,S,3,100,1,300,300,300,1,10000,12,118281.46,259.1885962
lstmdtfai,S,3,100,1,600,600,600,1,10000,14,2397964.06,386214.8216
lstmdtfai,S,3,100,1,600,600,600,1,10000,15,1834818.58,535471.4172
lstmdtfai,S,3,100,1,600,600,600,1,10000,14,2232496.24,281468.9305
lstmdtfai,S,3,100,1,600,600,600,1,10000,22,2540653.46,12272.72977
lstmdtfai,S,3,100,1,600,600,600,1,10000,16,2087391.3,61975.53053
lstmdtfai,S,3,100,1,800,800,800,1,10000,17,5664656.9,1252836.973
lstmdtfai,S,3,100,1,800,800,800,1,10000,20,5694923.42,1560833.107
lstmdtfai,S,3,100,1,800,800,800,1,10000,19,6180787.94,1817797.576
lstmdtfai,S,3,100,1,800,800,800,1,10000,24,8013646.5,373106.1826
lstmdtfai,S,3,100,1,800,800,800,1,10000,19,8144432.72,502542.8756
lstmdtfai,S,3,100,1,200,200,200,1,10000,4,49282.6,438.7742016
lstmdtfai,S,3,100,1,200,200,200,1,10000,5,49455.32,89.41866472
lstmdtfai,S,3,100,1,200,200,200,1,10000,5,49564.34,240.1948884
lstmdtfai,S,3,100,1,200,200,200,1,10000,5,49456.52,64.51828888
lstmdtfai,S,3,100,1,200,200,200,1,10000,4,49523.44,74.01274485
lstmdtfai,S,3,100,1,100,100,100,1,10000,2,9998.74,1060.192488
lstmdtfai,S,3,100,1,100,100,100,1,10000,3,9885.62,36.31522546
lstmdtfai,S,3,100,1,100,100,100,1,10000,3,9888.26,42.02180862
lstmdtfai,S,3,100,1,100,100,100,1,10000,3,9892.74,42.22028422
lstmdtfai,S,3,100,1,100,100,100,1,10000,3,9911.16,47.63165334
lstmdtfai,S,3,100,1,450,450,450,1,10000,11,537428.1,22079.59137
lstmdtfai,S,3,100,1,450,450,450,1,10000,13,530306.16,1988.391695
lstmdtfai,S,3,100,1,450,450,450,1,10000,12,425750.98,33629.57241
lstmdtfai,S,3,100,1,450,450,450,1,10000,42,542749.78,9035.085149
lstmdtfai,S,3,100,1,450,450,450,1,10000,13,523539.38,2808.376263
lstmdtfai,S,3,100,1,256,256,256,1,10000,5,80634.24,747.9611904
lstmdtfai,S,3,100,1,256,256,256,1,10000,7,81074.34,283.0170744
lstmdtfai,S,3,100,1,256,256,256,1,10000,7,80548.1,120.0476989
lstmdtfai,S,3,100,1,256,256,256,1,10000,6,81019.96,198.3347635
lstmdtfai,S,3,100,1,256,256,256,1,10000,6,80545.16,248.2388656
lstmdtfai,S,3,100,1,400,400,400,1,10000,9,316661.06,9466.391402
lstmdtfai,S,3,100,1,400,400,400,1,10000,11,294262.62,471.8784543
lstmdtfai,S,3,100,1,400,400,400,1,10000,16,293421.24,1422.84066
lstmdtfai,S,3,100,1,400,400,400,1,10000,16,289883.56,2541.351602
lstmdtfai,S,3,100,1,400,400,400,1,10000,10,289753.04,9498.469847
lstmdtfai,S,3,100,1,224,224,224,1,10000,5,58839.06,3351.898533
lstmdtfai,S,3,100,1,224,224,224,1,10000,6,54167.54,125.1407544
lstmdtfai,S,3,100,1,224,224,224,1,10000,6,54379.1,116.7695594
lstmdtfai,S,3,100,1,224,224,224,1,10000,5,54198.26,121.8884424
lstmdtfai,S,3,100,1,224,224,224,1,10000,5,57356.12,3677.367285
lstmdtfai,S,3,100,1,550,550,550,1,10000,12,1418747.5,20667.2769
lstmdtfai,S,3,100,1,550,550,550,1,10000,16,1074630.52,168173.4519
lstmdtfai,S,3,100,1,550,550,550,1,10000,14,1411289.28,2818.306066
lstmdtfai,S,3,100,1,550,550,550,1,10000,21,1241941.62,78657.24279
lstmdtfai,S,3,100,1,550,550,550,1,10000,16,1416097.7,37234.91305
lstmdtfai,S,3,100,1,64,64,64,1,16,1,5163.44,552.1746883
lstmdtfai,S,3,100,1,64,64,64,1,16,5,5316.36,27.77679607
lstmdtfai,S,3,100,1,64,64,64,1,16,2,5360.4,27.62173058
lstmdtfai,S,3,100,1,64,64,64,1,16,3,5207.1,41.45322665
lstmdtfai,S,3,100,1,64,64,64,1,16,1,5224.7,45.20586245
lstmdtfai,S,3,100,1,500,500,500,1,16,11,915026.4,3858.20507
lstmdtfai,S,3,100,1,500,500,500,1,16,14,916294.94,2602.937782
lstmdtfai,S,3,100,1,500,500,500,1,16,18,900598.76,61279.43866
lstmdtfai,S,3,100,1,500,500,500,1,16,19,901151.62,3353.150876
lstmdtfai,S,3,100,1,500,500,500,1,16,13,905650.16,3854.72889
lstmdtfai,S,3,100,1,1000,1000,1000,1,16,21,9006412.98,1564255.102
lstmdtfai,S,3,100,1,1000,1000,1000,1,16,29,10914971.5,3394454.96
lstmdtfai,S,3,100,1,1000,1000,1000,1,16,29,11313819.62,2520230.993
lstmdtfai,S,3,100,1,1000,1000,1000,1,16,29,13374496.08,2620604.57
lstmdtfai,S,3,100,1,1000,1000,1000,1,16,27,15573840.16,218849.7651
lstmdtfai,S,3,100,1,50,50,50,1,16,1,2785.1,424.2775153
lstmdtfai,S,3,100,1,50,50,50,1,16,2,2702.74,26.00908303
lstmdtfai,S,3,100,1,50,50,50,1,16,3,2693.72,23.50747966
lstmdtfai,S,3,100,1,50,50,50,1,16,1,2712.76,23.19703429
lstmdtfai,S,3,100,1,50,50,50,1,16,1,2691.48,29.70336008
lstmdtfai,S,3,100,1,288,288,288,1,16,6,114573.42,4437.273208
lstmdtfai,S,3,100,1,288,288,288,1,16,9,126197.12,4227.74184
lstmdtfai,S,3,100,1,288,288,288,1,16,6,114501.5,4117.671907
lstmdtfai,S,3,100,1,288,288,288,1,16,6,113713.96,136.0496909
lstmdtfai,S,3,100,1,288,288,288,1,16,20,113636.12,138.6185615
lstmdtfai,S,3,100,1,192,192,192,1,16,4,31074.38,1218.31247
lstmdtfai,S,3,100,1,192,192,192,1,16,4,31089.3,100.832584
lstmdtfai,S,3,100,1,192,192,192,1,16,6,32255.94,1945.124206
lstmdtfai,S,3,100,1,192,192,192,1,16,4,36829.94,70.13484441
lstmdtfai,S,3,100,1,192,192,192,1,16,4,36552.14,1100.852633
lstmdtfai,S,3,100,1,160,160,160,1,16,4,19542.7,548.1852698
lstmdtfai,S,3,100,1,160,160,160,1,16,4,20128.5,52.7637186
lstmdtfai,S,3,100,1,160,160,160,1,16,3,19510.62,39.92687816
lstmdtfai,S,3,100,1,160,160,160,1,16,3,19534.94,62.52660554
lstmdtfai,S,3,100,1,160,160,160,1,16,3,19607.78,60.86519202
lstmdtfai,S,3,100,1,350,350,350,1,16,7,219835.1,1520.452804
lstmdtfai,S,3,100,1,350,350,350,1,16,9,220665.3,306.2422734
lstmdtfai,S,3,100,1,350,350,350,1,16,8,200690.5,5158.988883
lstmdtfai,S,3,100,1,350,350,350,1,16,13,219748.2,374.0568941
lstmdtfai,S,3,100,1,350,350,350,1,16,8,218445.92,5128.462311
lstmdtfai,S,3,100,1,96,96,96,1,16,2,6194.56,529.5276068
lstmdtfai,S,3,100,1,96,96,96,1,16,2,6084.64,45.652058
lstmdtfai,S,3,100,1,96,96,96,1,16,4,5886.94,17.86662811
lstmdtfai,S,3,100,1,96,96,96,1,16,2,5895.8,33.67313469
lstmdtfai,S,3,100,1,96,96,96,1,16,3,5858.36,21.33237915
lstmdtfai,S,3,100,1,128,128,128,1,16,3,12646.72,569.0777465
lstmdtfai,S,3,100,1,128,128,128,1,16,3,12493.44,35.73970341
lstmdtfai,S,3,100,1,128,128,128,1,16,6,12569.64,48.05362005
lstmdtfai,S,3,100,1,128,128,128,1,16,3,12857.54,72.68870889
lstmdtfai,S,3,100,1,128,128,128,1,16,3,13179.28,47.26437982
lstmdtfai,S,3,100,1,150,150,150,1,16,3,19692.22,880.2183204
lstmdtfai,S,3,100,1,150,150,150,1,16,5,19593.58,168.4144994
lstmdtfai,S,3,100,1,150,150,150,1,16,3,19624.6,143.6025069
lstmdtfai,S,3,100,1,150,150,150,1,16,3,19553.16,49.46002831
lstmdtfai,S,3,100,1,150,150,150,1,16,3,19609.92,52.41138808
lstmdtfai,S,3,100,1,250,250,250,1,16,5,85921.66,414.7837321
lstmdtfai,S,3,100,1,250,250,250,1,16,6,85889.78,153.9293721
lstmdtfai,S,3,100,1,250,250,250,1,16,6,86150.18,416.8945521
lstmdtfai,S,3,100,1,250,250,250,1,16,7,85848.14,94.42499881
lstmdtfai,S,3,100,1,250,250,250,1,16,6,86026.6,122.4369225
lstmdtfai,S,3,100,1,300,300,300,1,16,6,139219.86,8591.868367
lstmdtfai,S,3,100,1,300,300,300,1,16,8,145492.5,119.9325227
lstmdtfai,S,3,100,1,300,300,300,1,16,7,125044.5,5243.385796
lstmdtfai,S,3,100,1,300,300,300,1,16,11,124001.58,153.9922193
lstmdtfai,S,3,100,1,300,300,300,1,16,10,123685.04,172.1344777
lstmdtfai,S,3,100,1,600,600,600,1,16,13,1918185.5,341699.5414
lstmdtfai,S,3,100,1,600,600,600,1,16,15,2070028.42,156718.6876
lstmdtfai,S,3,100,1,600,600,600,1,16,15,2029313.54,252338.2063
lstmdtfai,S,3,100,1,600,600,600,1,16,21,2127345.12,3370.952564
lstmdtfai,S,3,100,1,600,600,600,1,16,14,1248907.42,104164.551
lstmdtfai,S,3,100,1,800,800,800,1,16,17,4823615.36,1227415.464
lstmdtfai,S,3,100,1,800,800,800,1,16,21,4465860.82,802951.5407
lstmdtfai,S,3,100,1,800,800,800,1,16,18,5641628.62,1106251.746
lstmdtfai,S,3,100,1,800,800,800,1,16,23,6794400.66,632390.3798
lstmdtfai,S,3,100,1,800,800,800,1,16,19,7017992.16,407833.7498
lstmdtfai,S,3,100,1,200,200,200,1,16,5,40704.64,1681.648189
lstmdtfai,S,3,100,1,200,200,200,1,16,5,38352.4,1544.153736
lstmdtfai,S,3,100,1,200,200,200,1,16,7,36696.68,1359.872956
lstmdtfai,S,3,100,1,200,200,200,1,16,5,35937.4,91.92845044
lstmdtfai,S,3,100,1,200,200,200,1,16,5,35965.04,80.33553635
lstmdtfai,S,3,100,1,100,100,100,1,16,2,7672.26,568.9366155
lstmdtfai,S,3,100,1,100,100,100,1,16,3,7624.92,34.55768511
lstmdtfai,S,3,100,1,100,100,100,1,16,3,7663.64,33.68486901
lstmdtfai,S,3,100,1,100,100,100,1,16,2,7577.46,27.93077872
lstmdtfai,S,3,100,1,100,100,100,1,16,3,7671.08,54.78315069
lstmdtfai,S,3,100,1,450,450,450,1,16,10,421657.6,19102.71199
lstmdtfai,S,3,100,1,450,450,450,1,16,11,417407.86,875.3292411
lstmdtfai,S,3,100,1,450,450,450,1,16,13,412214.14,7855.804565
lstmdtfai,S,3,100,1,450,450,450,1,16,17,439987.58,1182.038292
lstmdtfai,S,3,100,1,450,450,450,1,16,12,422486.22,1321.592513
lstmdtfai,S,3,100,1,256,256,256,1,16,5,109213.94,697.5515582
lstmdtfai,S,3,100,1,256,256,256,1,16,7,109106.32,286.3825023
lstmdtfai,S,3,100,1,256,256,256,1,16,6,109602.48,309.2083595
lstmdtfai,S,3,100,1,256,256,256,1,16,7,108827.76,263.5381991
lstmdtfai,S,3,100,1,256,256,256,1,16,7,109839.16,191.9646176
lstmdtfai,S,3,100,1,400,400,400,1,16,9,268112.98,17278.67925
lstmdtfai,S,3,100,1,400,400,400,1,16,11,276260.84,508.1698283
lstmdtfai,S,3,100,1,400,400,400,1,16,16,276897.84,2039.564869
lstmdtfai,S,3,100,1,400,400,400,1,16,15,269504.46,436.1124722
lstmdtfai,S,3,100,1,400,400,400,1,16,11,269653.68,520.7315792
lstmdtfai,S,3,100,1,224,224,224,1,16,6,51498.72,373.5797125
lstmdtfai,S,3,100,1,224,224,224,1,16,6,51486.58,82.43836243
lstmdtfai,S,3,100,1,224,224,224,1,16,6,51286.66,229.05437
lstmdtfai,S,3,100,1,224,224,224,1,16,6,51412.04,83.18171915
lstmdtfai,S,3,100,1,224,224,224,1,16,5,51491.8,91.27847501
lstmdtfai,S,3,100,1,550,550,550,1,16,12,1357203.18,5265.837463
lstmdtfai,S,3,100,1,550,550,550,1,16,14,1191579.14,131570.358
lstmdtfai,S,3,100,1,550,550,550,1,16,13,1331718,90866.85098
lstmdtfai,S,3,100,1,550,550,550,1,16,21,1390936.96,66948.7611
lstmdtfai,S,3,100,1,550,550,550,1,16,15,1056526.46,198774.7409
lstmdtfai,S,3,100,1,64,64,64,1,64,1,6380.1,535.6050877
lstmdtfai,S,3,100,1,64,64,64,1,64,4,6384.32,73.35596499
lstmdtfai,S,3,100,1,64,64,64,1,64,5,6311.6,53.65295891
lstmdtfai,S,3,100,1,64,64,64,1,64,3,6280.96,64.97290512
lstmdtfai,S,3,100,1,64,64,64,1,64,4,6389.34,64.87052027
lstmdtfai,S,3,100,1,500,500,500,1,64,11,943595.26,29584.75189
lstmdtfai,S,3,100,1,500,500,500,1,64,13,930012.16,3398.683524
lstmdtfai,S,3,100,1,500,500,500,1,64,36,783437.82,112934.4272
lstmdtfai,S,3,100,1,500,500,500,1,64,18,920250.94,3447.793494
lstmdtfai,S,3,100,1,500,500,500,1,64,13,924752.54,2709.726955
lstmdtfai,S,3,100,1,1000,1000,1000,1,64,22,11957969.72,2268534.359
lstmdtfai,S,3,100,1,1000,1000,1000,1,64,30,14737385.06,2907094.883
lstmdtfai,S,3,100,1,1000,1000,1000,1,64,28,17546682.58,233295.9516
lstmdtfai,S,3,100,1,1000,1000,1000,1,64,30,17081413.24,1561445.501
lstmdtfai,S,3,100,1,1000,1000,1000,1,64,37,17621847.54,447423.8978
lstmdtfai,S,3,100,1,50,50,50,1,64,1,2533.86,218.1093313
lstmdtfai,S,3,100,1,50,50,50,1,64,3,2516.8,18.87008214
lstmdtfai,S,3,100,1,50,50,50,1,64,1,2499.74,18.76572407
lstmdtfai,S,3,100,1,50,50,50,1,64,3,2498.7,17.197965
lstmdtfai,S,3,100,1,50,50,50,1,64,1,2522.84,23.72876735
lstmdtfai,S,3,100,1,288,288,288,1,64,6,109216.38,4433.392574
lstmdtfai,S,3,100,1,288,288,288,1,64,23,121874.12,4612.832651
lstmdtfai,S,3,100,1,288,288,288,1,64,6,127806.6,7006.441502
lstmdtfai,S,3,100,1,288,288,288,1,64,17,108381.14,321.5593886
lstmdtfai,S,3,100,1,288,288,288,1,64,10,108457.18,291.6161648
lstmdtfai,S,3,100,1,192,192,192,1,64,4,31424.42,803.7633505
lstmdtfai,S,3,100,1,192,192,192,1,64,4,32841.64,123.292621
lstmdtfai,S,3,100,1,192,192,192,1,64,5,31699,95.37085509
lstmdtfai,S,3,100,1,192,192,192,1,64,4,31601.6,90.14388498
lstmdtfai,S,3,100,1,192,192,192,1,64,4,31611.84,256.1637258
lstmdtfai,S,3,100,1,160,160,160,1,64,4,28693.58,919.6147691
lstmdtfai,S,3,100,1,160,160,160,1,64,4,28529.6,91.35994746
lstmdtfai,S,3,100,1,160,160,160,1,64,3,28679.12,93.00723413
lstmdtfai,S,3,100,1,160,160,160,1,64,4,28709.9,102.5739246
lstmdtfai,S,3,100,1,160,160,160,1,64,4,28698.22,110.6795898
lstmdtfai,S,3,100,1,350,350,350,1,64,8,219122.02,1730.950288
lstmdtfai,S,3,100,1,350,350,350,1,64,9,217746.38,254.8946363
lstmdtfai,S,3,100,1,350,350,350,1,64,8,199022.12,4823.527596
lstmdtfai,S,3,100,1,350,350,350,1,64,14,197071.88,284.2208043
lstmdtfai,S,3,100,1,350,350,350,1,64,8,197873,308.6760762
lstmdtfai,S,3,100,1,96,96,96,1,64,2,9455.48,660.5337006
lstmdtfai,S,3,100,1,96,96,96,1,64,2,9487.68,104.4276668
lstmdtfai,S,3,100,1,96,96,96,1,64,3,9593.7,35.96345367
lstmdtfai,S,3,100,1,96,96,96,1,64,3,9703.64,91.79210424
lstmdtfai,S,3,100,1,96,96,96,1,64,3,9550.46,86.67691965
lstmdtfai,S,3,100,1,128,128,128,1,64,3,16333.82,831.6442194
lstmdtfai,S,3,100,1,128,128,128,1,64,3,15963.52,75.61328984
lstmdtfai,S,3,100,1,128,128,128,1,64,5,15946.78,86.57050075
lstmdtfai,S,3,100,1,128,128,128,1,64,3,16043.92,75.71944004
lstmdtfai,S,3,100,1,128,128,128,1,64,3,16051.48,74.74282307
lstmdtfai,S,3,100,1,150,150,150,1,64,3,20957.24,588.6844506
lstmdtfai,S,3,100,1,150,150,150,1,64,4,22195.62,57.99789307
lstmdtfai,S,3,100,1,150,150,150,1,64,4,23177.72,72.62782938
lstmdtfai,S,3,100,1,150,150,150,1,64,3,20872.72,27.27712595
lstmdtfai,S,3,100,1,150,150,150,1,64,4,20867.98,29.18457812
lstmdtfai,S,3,100,1,250,250,250,1,64,6,69156.8,417.8398736
lstmdtfai,S,3,100,1,250,250,250,1,64,7,69740.68,130.481637
lstmdtfai,S,3,100,1,250,250,250,1,64,6,69455.66,124.3705126
lstmdtfai,S,3,100,1,250,250,250,1,64,6,69687,124.4837339
lstmdtfai,S,3,100,1,250,250,250,1,64,6,69399.98,135.2787478
lstmdtfai,S,3,100,1,300,300,300,1,64,6,139986.82,834.217662
lstmdtfai,S,3,100,1,300,300,300,1,64,7,139195.52,162.1986732
lstmdtfai,S,3,100,1,300,300,300,1,64,7,118922.04,5465.023019
lstmdtfai,S,3,100,1,300,300,300,1,64,10,116617.68,497.5289113
lstmdtfai,S,3,100,1,300,300,300,1,64,11,117588.44,209.1381515
lstmdtfai,S,3,100,1,600,600,600,1,64,13,2271989.12,445686.2862
lstmdtfai,S,3,100,1,600,600,600,1,64,15,2472865.2,158344.3502
lstmdtfai,S,3,100,1,600,600,600,1,64,15,2455971.68,100982.1542
lstmdtfai,S,3,100,1,600,600,600,1,64,22,2189668.1,269464.4394
lstmdtfai,S,3,100,1,600,600,600,1,64,17,2241686.08,252266.6784
lstmdtfai,S,3,100,1,800,800,800,1,64,16,5869508.6,1073556.776
lstmdtfai,S,3,100,1,800,800,800,1,64,20,5289645.12,1861173.029
lstmdtfai,S,3,100,1,800,800,800,1,64,19,5288800.9,909065.7497
lstmdtfai,S,3,100,1,800,800,800,1,64,26,7980060.98,163650.8709
lstmdtfai,S,3,100,1,800,800,800,1,64,20,7980552.98,176498.5943
lstmdtfai,S,3,100,1,200,200,200,1,64,4,49234.5,444.4369584
lstmdtfai,S,3,100,1,200,200,200,1,64,5,49589.08,65.44825131
lstmdtfai,S,3,100,1,200,200,200,1,64,5,51677.52,2523.757114
lstmdtfai,S,3,100,1,200,200,200,1,64,5,49630.6,975.3560581
lstmdtfai,S,3,100,1,200,200,200,1,64,5,49180.74,79.58763974
lstmdtfai,S,3,100,1,100,100,100,1,64,2,9127.64,507.135081
lstmdtfai,S,3,100,1,100,100,100,1,64,2,9063.94,34.98937553
lstmdtfai,S,3,100,1,100,100,100,1,64,3,9073.26,31.86271175
lstmdtfai,S,3,100,1,100,100,100,1,64,2,9050.6,32.48753607
lstmdtfai,S,3,100,1,100,100,100,1,64,2,9063.42,33.76512402
lstmdtfai,S,3,100,1,450,450,450,1,64,10,543316.26,1996.680634
lstmdtfai,S,3,100,1,450,450,450,1,64,11,541635.54,928.1586763
lstmdtfai,S,3,100,1,450,450,450,1,64,11,544391.74,1292.440154
lstmdtfai,S,3,100,1,450,450,450,1,64,17,560007.28,572.403775
lstmdtfai,S,3,100,1,450,450,450,1,64,11,488866.22,15057.91599
lstmdtfai,S,3,100,1,256,256,256,1,64,5,83900.3,800.2745092
lstmdtfai,S,3,100,1,256,256,256,1,64,7,84121.2,164.9938181
lstmdtfai,S,3,100,1,256,256,256,1,64,7,84279.4,178.8513349
lstmdtfai,S,3,100,1,256,256,256,1,64,7,84197.74,200.6588956
lstmdtfai,S,3,100,1,256,256,256,1,64,6,84355.84,264.1298438
lstmdtfai,S,3,100,1,400,400,400,1,64,9,313832.22,1819.792365
lstmdtfai,S,3,100,1,400,400,400,1,64,10,302359.36,606.6964895
lstmdtfai,S,3,100,1,400,400,400,1,64,14,302299.1,1884.687584
lstmdtfai,S,3,100,1,400,400,400,1,64,15,312408.1,4540.290547
lstmdtfai,S,3,100,1,400,400,400,1,64,10,295474.48,4734.106143
lstmdtfai,S,3,100,1,224,224,224,1,64,5,56563.72,2469.296183
lstmdtfai,S,3,100,1,224,224,224,1,64,6,57546.42,2684.141472
lstmdtfai,S,3,100,1,224,224,224,1,64,6,55825.02,115.9674937
lstmdtfai,S,3,100,1,224,224,224,1,64,5,56083.44,103.4155037
lstmdtfai,S,3,100,1,224,224,224,1,64,5,58779.7,3239.490042
lstmdtfai,S,3,100,1,550,550,550,1,64,13,1411490.14,29057.54059
lstmdtfai,S,3,100,1,550,550,550,1,64,14,821199.38,105231.1605
lstmdtfai,S,3,100,1,550,550,550,1,64,14,1266845.34,174534.7033
lstmdtfai,S,3,100,1,550,550,550,1,64,20,1400980.94,3356.828083
lstmdtfai,S,3,100,1,550,550,550,1,64,17,1248014.48,136222.161
lstmdtfai,S,3,100,1,64,64,64,1,32,1,4242.46,262.2133643
lstmdtfai,S,3,100,1,64,64,64,1,32,2,4235.8,25.02798434
lstmdtfai,S,3,100,1,64,64,64,1,32,2,4241.6,27.2609611
lstmdtfai,S,3,100,1,64,64,64,1,32,3,4249.4,33.58571125
lstmdtfai,S,3,100,1,64,64,64,1,32,3,4252.26,33.23119619
lstmdtfai,S,3,100,1,500,500,500,1,32,12,918867.9,17051.88997
lstmdtfai,S,3,100,1,500,500,500,1,32,13,920036.16,17594.27154
lstmdtfai,S,3,100,1,500,500,500,1,32,18,824401.14,78738.57209
lstmdtfai,S,3,100,1,500,500,500,1,32,19,907602.98,17678.05986
lstmdtfai,S,3,100,1,500,500,500,1,32,13,905650.14,26695.50848
lstmdtfai,S,3,100,1,1000,1000,1000,1,32,51,10522117.06,1812849.193
lstmdtfai,S,3,100,1,1000,1000,1000,1,32,30,13663273.2,2690376.006
lstmdtfai,S,3,100,1,1000,1000,1000,1,32,28,16463130.66,134340.6536
lstmdtfai,S,3,100,1,1000,1000,1000,1,32,29,13188908.86,2044060.527
lstmdtfai,S,3,100,1,1000,1000,1000,1,32,29,10142054.04,1505529.92
lstmdtfai,S,3,100,1,50,50,50,1,32,1,2643.58,488.6467063
lstmdtfai,S,3,100,1,50,50,50,1,32,4,2590.78,21.81677336
lstmdtfai,S,3,100,1,50,50,50,1,32,2,2548.16,22.39942856
lstmdtfai,S,3,100,1,50,50,50,1,32,2,2538.16,19.8276171
lstmdtfai,S,3,100,1,50,50,50,1,32,2,2579.26,13.84746908
lstmdtfai,S,3,100,1,288,288,288,1,32,6,95848.78,4303.927217
lstmdtfai,S,3,100,1,288,288,288,1,32,9,107878.36,4279.315374
lstmdtfai,S,3,100,1,288,288,288,1,32,8,104907.32,12178.8229
lstmdtfai,S,3,100,1,288,288,288,1,32,7,94934.28,230.5402386
lstmdtfai,S,3,100,1,288,288,288,1,32,12,94709.38,218.8677126
lstmdtfai,S,3,100,1,192,192,192,1,32,4,27326.22,983.7351328
lstmdtfai,S,3,100,1,192,192,192,1,32,5,29844.56,97.71471946
lstmdtfai,S,3,100,1,192,192,192,1,32,5,28638.6,67.00925309
lstmdtfai,S,3,100,1,192,192,192,1,32,5,27690.48,72.80308785
lstmdtfai,S,3,100,1,192,192,192,1,32,4,27676.2,57.60277771
lstmdtfai,S,3,100,1,160,160,160,1,32,4,16445.54,954.9266194
lstmdtfai,S,3,100,1,160,160,160,1,32,4,16586.02,129.1824276
lstmdtfai,S,3,100,1,160,160,160,1,32,3,16786.5,50.34212947
lstmdtfai,S,3,100,1,160,160,160,1,32,3,16717.56,44.66235999
lstmdtfai,S,3,100,1,160,160,160,1,32,4,16805.56,44.21138315
lstmdtfai,S,3,100,1,350,350,350,1,32,8,204898.06,5991.677696
lstmdtfai,S,3,100,1,350,350,350,1,32,8,204368.42,262.3586926
lstmdtfai,S,3,100,1,350,350,350,1,32,8,184737.48,4875.671097
lstmdtfai,S,3,100,1,350,350,350,1,32,13,182623.78,530.3164825
lstmdtfai,S,3,100,1,350,350,350,1,32,24,186549.18,8235.057332
lstmdtfai,S,3,100,1,96,96,96,1,32,2,4947.84,613.7165261
lstmdtfai,S,3,100,1,96,96,96,1,32,3,4854.06,15.64021739
lstmdtfai,S,3,100,1,96,96,96,1,32,3,4864.14,29.44962479
lstmdtfai,S,3,100,1,96,96,96,1,32,4,4856.14,16.87247463
lstmdtfai,S,3,100,1,96,96,96,1,32,5,4860.66,15.91051225
lstmdtfai,S,3,100,1,128,128,128,1,32,3,10766.62,590.3512476
lstmdtfai,S,3,100,1,128,128,128,1,32,3,10542.9,41.40978145
lstmdtfai,S,3,100,1,128,128,128,1,32,3,10840.48,76.62564584
lstmdtfai,S,3,100,1,128,128,128,1,32,3,10880.78,31.39763685
lstmdtfai,S,3,100,1,128,128,128,1,32,3,10877.82,33.93976429
lstmdtfai,S,3,100,1,150,150,150,1,32,3,18532.94,974.3833211
lstmdtfai,S,3,100,1,150,150,150,1,32,3,18768.64,87.34706864
lstmdtfai,S,3,100,1,150,150,150,1,32,3,18567.1,113.616064
lstmdtfai,S,3,100,1,150,150,150,1,32,4,18546.16,40.65039237
lstmdtfai,S,3,100,1,150,150,150,1,32,4,18559.22,45.42479059
lstmdtfai,S,3,100,1,250,250,250,1,32,6,73871.02,2903.915498
lstmdtfai,S,3,100,1,250,250,250,1,32,6,73554.44,113.5660442
lstmdtfai,S,3,100,1,250,250,250,1,32,6,73458.7,97.02788259
lstmdtfai,S,3,100,1,250,250,250,1,32,6,73617.34,98.66724076
lstmdtfai,S,3,100,1,250,250,250,1,32,6,73514.72,97.26439019
lstmdtfai,S,3,100,1,300,300,300,1,32,6,136139.2,1790.099718
lstmdtfai,S,3,100,1,300,300,300,1,32,8,137283.12,3739.048936
lstmdtfai,S,3,100,1,300,300,300,1,32,7,116332.12,4749.831579
lstmdtfai,S,3,100,1,300,300,300,1,32,9,115214.44,273.5333369
lstmdtfai,S,3,100,1,300,300,300,1,32,10,115480.64,724.2407821
lstmdtfai,S,3,100,1,600,600,600,1,32,14,2070042.52,30726.57553
lstmdtfai,S,3,100,1,600,600,600,1,32,15,1308569.44,123639.3202
lstmdtfai,S,3,100,1,600,600,600,1,32,16,1470952.04,323830.4266
lstmdtfai,S,3,100,1,600,600,600,1,32,22,1948286.7,213285.2835
lstmdtfai,S,3,100,1,600,600,600,1,32,15,2063836.16,4889.527124
lstmdtfai,S,3,100,1,800,800,800,1,32,44,5062824.78,1018846.46
lstmdtfai,S,3,100,1,800,800,800,1,32,19,4063095.1,563974.5294
lstmdtfai,S,3,100,1,800,800,800,1,32,20,6768040.96,416349.4075
lstmdtfai,S,3,100,1,800,800,800,1,32,25,6780412.32,435147.011
lstmdtfai,S,3,100,1,800,800,800,1,32,19,6853542.78,261095.9875
lstmdtfai,S,3,100,1,200,200,200,1,32,4,38042.52,479.8926647
lstmdtfai,S,3,100,1,200,200,200,1,32,5,38398.64,89.75516921
lstmdtfai,S,3,100,1,200,200,200,1,32,4,38639.8,103.4893231
lstmdtfai,S,3,100,1,200,200,200,1,32,4,38481.7,88.12610283
lstmdtfai,S,3,100,1,200,200,200,1,32,4,38675.68,74.96250796
lstmdtfai,S,3,100,1,100,100,100,1,32,2,8640.74,415.0997861
lstmdtfai,S,3,100,1,100,100,100,1,32,3,8602.24,23.43122703
lstmdtfai,S,3,100,1,100,100,100,1,32,3,8795.22,25.95865174
lstmdtfai,S,3,100,1,100,100,100,1,32,2,8591.28,20.21092774
lstmdtfai,S,3,100,1,100,100,100,1,32,3,8583.56,24.67724458
lstmdtfai,S,3,100,1,450,450,450,1,32,11,431325.54,16466.44567
lstmdtfai,S,3,100,1,450,450,450,1,32,13,425919.84,783.5248142
lstmdtfai,S,3,100,1,450,450,450,1,32,11,425469.02,2369.499529
lstmdtfai,S,3,100,1,450,450,450,1,32,17,442905.26,9950.742758
lstmdtfai,S,3,100,1,450,450,450,1,32,18,438551.3,1131.1761
lstmdtfai,S,3,100,1,256,256,256,1,32,5,86856.48,885.5061658
lstmdtfai,S,3,100,1,256,256,256,1,32,7,87609.68,187.6474823
lstmdtfai,S,3,100,1,256,256,256,1,32,6,87897.98,1814.581941
lstmdtfai,S,3,100,1,256,256,256,1,32,6,87365.14,282.7637183
lstmdtfai,S,3,100,1,256,256,256,1,32,6,87737.84,140.4891967
lstmdtfai,S,3,100,1,400,400,400,1,32,9,271222.42,1992.503461
lstmdtfai,S,3,100,1,400,400,400,1,32,10,260609.6,556.8572169
lstmdtfai,S,3,100,1,400,400,400,1,32,15,260790.82,457.9301995
lstmdtfai,S,3,100,1,400,400,400,1,32,14,278707.06,5638.555561
lstmdtfai,S,3,100,1,400,400,400,1,32,9,234431.92,18250.08615
lstmdtfai,S,3,100,1,224,224,224,1,32,5,43513.66,454.9823122
lstmdtfai,S,3,100,1,224,224,224,1,32,8,43753.9,89.74970752
lstmdtfai,S,3,100,1,224,224,224,1,32,7,43656.78,82.78267693
lstmdtfai,S,3,100,1,224,224,224,1,32,6,43807.42,85.0037858
lstmdtfai,S,3,100,1,224,224,224,1,32,5,43673.18,93.92905621
lstmdtfai,S,3,100,1,550,550,550,1,32,12,1405858.94,18231.17722
lstmdtfai,S,3,100,1,550,550,550,1,32,16,1238870.04,188762.4376
lstmdtfai,S,3,100,1,550,550,550,1,32,13,1402137.38,2896.161687
lstmdtfai,S,3,100,1,550,550,550,1,32,20,1212887,131427.0099
lstmdtfai,S,3,100,1,550,550,550,1,32,14,1401933.38,4042.315643
lstmdtfai,S,3,100,1,64,64,64,1,48,9,5898.26,451.7094115
lstmdtfai,S,3,100,1,64,64,64,1,48,3,5866.16,45.92574877
lstmdtfai,S,3,100,1,64,64,64,1,48,2,5735.2,27.63548444
lstmdtfai,S,3,100,1,64,64,64,1,48,4,5737.66,31.23370615
lstmdtfai,S,3,100,1,64,64,64,1,48,5,5763.5,49.54038756
lstmdtfai,S,3,100,1,500,500,500,1,48,11,987410.24,11029.16958
lstmdtfai,S,3,100,1,500,500,500,1,48,13,978435.92,3586.235223
lstmdtfai,S,3,100,1,500,500,500,1,48,18,840058.78,84261.46993
lstmdtfai,S,3,100,1,500,500,500,1,48,21,974602.66,4377.87721
lstmdtfai,S,3,100,1,500,500,500,1,48,14,937895.62,58336.52571
lstmdtfai,S,3,100,1,1000,1000,1000,1,48,29,10054666.4,1951790.187
lstmdtfai,S,3,100,1,1000,1000,1000,1,48,38,13802024.38,2163912.754
lstmdtfai,S,3,100,1,1000,1000,1000,1,48,29,15112747.28,272100.2756
lstmdtfai,S,3,100,1,1000,1000,1000,1,48,24,15030599.86,299164.4215
lstmdtfai,S,3,100,1,1000,1000,1000,1,48,28,14203733.48,133781.5384
lstmdtfai,S,3,100,1,50,50,50,1,48,1,3224.44,452.6494962
lstmdtfai,S,3,100,1,50,50,50,1,48,3,3200.86,15.94115429
lstmdtfai,S,3,100,1,50,50,50,1,48,1,3214.18,19.13602885
lstmdtfai,S,3,100,1,50,50,50,1,48,1,3216.5,17.51599269
lstmdtfai,S,3,100,1,50,50,50,1,48,4,3152.62,16.3424478
lstmdtfai,S,3,100,1,288,288,288,1,48,6,95223.56,4439.09781
lstmdtfai,S,3,100,1,288,288,288,1,48,9,107870.06,4591.68611
lstmdtfai,S,3,100,1,288,288,288,1,48,6,110959.22,4342.433927
lstmdtfai,S,3,100,1,288,288,288,1,48,6,94705.72,312.3011393
lstmdtfai,S,3,100,1,288,288,288,1,48,10,94790.52,269.4686802
lstmdtfai,S,3,100,1,192,192,192,1,48,4,26376.08,1094.882183
lstmdtfai,S,3,100,1,192,192,192,1,48,5,29362.32,1018.056569
lstmdtfai,S,3,100,1,192,192,192,1,48,5,28360.1,981.6689513
lstmdtfai,S,3,100,1,192,192,192,1,48,5,26770.3,110.575992
lstmdtfai,S,3,100,1,192,192,192,1,48,4,28900.82,104.4587364
lstmdtfai,S,3,100,1,160,160,160,1,48,4,25438.94,1291.423485
lstmdtfai,S,3,100,1,160,160,160,1,48,4,24760.84,159.6707061
lstmdtfai,S,3,100,1,160,160,160,1,48,4,25951.64,183.1553177
lstmdtfai,S,3,100,1,160,160,160,1,48,4,24866.66,97.35000976
lstmdtfai,S,3,100,1,160,160,160,1,48,4,26414.28,66.26523674
lstmdtfai,S,3,100,1,350,350,350,1,48,8,226791.98,2179.765019
lstmdtfai,S,3,100,1,350,350,350,1,48,9,227316.98,408.1349037
lstmdtfai,S,3,100,1,350,350,350,1,48,8,209275.62,4419.461795
lstmdtfai,S,3,100,1,350,350,350,1,48,12,224996.4,383.4374525
lstmdtfai,S,3,100,1,350,350,350,1,48,8,224323.38,4562.545841
lstmdtfai,S,3,100,1,96,96,96,1,48,2,7386.36,728.2271008
lstmdtfai,S,3,100,1,96,96,96,1,48,3,7273.96,45.74317873
lstmdtfai,S,3,100,1,96,96,96,1,48,5,7267.1,37.69044972
lstmdtfai,S,3,100,1,96,96,96,1,48,2,7258.64,39.17742207
lstmdtfai,S,3,100,1,96,96,96,1,48,4,7259.5,30.51507824
lstmdtfai,S,3,100,1,128,128,128,1,48,3,18532.88,761.2731872
lstmdtfai,S,3,100,1,128,128,128,1,48,4,18489.46,449.5224226
lstmdtfai,S,3,100,1,128,128,128,1,48,3,17660.4,49.1373585
lstmdtfai,S,3,100,1,128,128,128,1,48,4,17947.06,42.20872422
lstmdtfai,S,3,100,1,128,128,128,1,48,3,17912.66,48.4337114
lstmdtfai,S,3,100,1,150,150,150,1,48,4,20053.94,976.7370662
lstmdtfai,S,3,100,1,150,150,150,1,48,4,22022.62,980.2127298
lstmdtfai,S,3,100,1,150,150,150,1,48,4,20538.12,57.23902165
lstmdtfai,S,3,100,1,150,150,150,1,48,4,20455.08,42.88069029
lstmdtfai,S,3,100,1,150,150,150,1,48,3,20462.44,47.33673415
lstmdtfai,S,3,100,1,250,250,250,1,48,5,85240.76,496.9730198
lstmdtfai,S,3,100,1,250,250,250,1,48,7,85749.52,181.5645604
lstmdtfai,S,3,100,1,250,250,250,1,48,6,85475.96,121.7935893
lstmdtfai,S,3,100,1,250,250,250,1,48,6,85751.94,128.2822529
lstmdtfai,S,3,100,1,250,250,250,1,48,6,85488.76,123.0472365
lstmdtfai,S,3,100,1,300,300,300,1,48,6,149487.72,1135.455751
lstmdtfai,S,3,100,1,300,300,300,1,48,9,149905.28,1591.787386
lstmdtfai,S,3,100,1,300,300,300,1,48,7,128362.64,5060.61014
lstmdtfai,S,3,100,1,300,300,300,1,48,10,127083.2,190.2733823
lstmdtfai,S,3,100,1,300,300,300,1,48,10,127075.94,178.3844623
lstmdtfai,S,3,100,1,600,600,600,1,48,14,2098828.32,151540.3563
lstmdtfai,S,3,100,1,600,600,600,1,48,15,1765633.62,371430.4925
lstmdtfai,S,3,100,1,600,600,600,1,48,14,1720934.76,330483.9993
lstmdtfai,S,3,100,1,600,600,600,1,48,21,1867667.98,204162.3013
lstmdtfai,S,3,100,1,600,600,600,1,48,17,2151499.76,65700.48157
lstmdtfai,S,3,100,1,800,800,800,1,48,17,4509796.54,1105577.217
lstmdtfai,S,3,100,1,800,800,800,1,48,21,4167928.22,821067.6182
lstmdtfai,S,3,100,1,800,800,800,1,48,20,4185186.14,1329362.752
lstmdtfai,S,3,100,1,800,800,800,1,48,24,6745305.58,274153.9986
lstmdtfai,S,3,100,1,800,800,800,1,48,20,5434104.56,1258136.387
lstmdtfai,S,3,100,1,200,200,200,1,48,4,43585.04,626.1288353
lstmdtfai,S,3,100,1,200,200,200,1,48,5,42905.98,54.84760341
lstmdtfai,S,3,100,1,200,200,200,1,48,4,43156.58,75.64974289
lstmdtfai,S,3,100,1,200,200,200,1,48,4,42920.36,67.14663357
lstmdtfai,S,3,100,1,200,200,200,1,48,4,43130.36,82.77964967
lstmdtfai,S,3,100,1,100,100,100,1,48,3,10683,490.936004
lstmdtfai,S,3,100,1,100,100,100,1,48,3,10648.98,28.94304061
lstmdtfai,S,3,100,1,100,100,100,1,48,3,10653.44,46.24506893
lstmdtfai,S,3,100,1,100,100,100,1,48,3,10640.48,30.98789441
lstmdtfai,S,3,100,1,100,100,100,1,48,3,10631.94,32.74349401
lstmdtfai,S,3,100,1,450,450,450,1,48,10,442798.1,17189.34676
lstmdtfai,S,3,100,1,450,450,450,1,48,11,442736.8,7738.525294
lstmdtfai,S,3,100,1,450,450,450,1,48,11,437589.8,1810.183239
lstmdtfai,S,3,100,1,450,450,450,1,48,16,448648.94,1523.690026
lstmdtfai,S,3,100,1,450,450,450,1,48,17,447113.88,4270.816609
lstmdtfai,S,3,100,1,256,256,256,1,48,28,87868.26,3310.884805
lstmdtfai,S,3,100,1,256,256,256,1,48,7,87029.74,152.2766968
lstmdtfai,S,3,100,1,256,256,256,1,48,6,87067.42,153.3031102
lstmdtfai,S,3,100,1,256,256,256,1,48,6,87145.1,819.8653853
lstmdtfai,S,3,100,1,256,256,256,1,48,6,86909.76,156.8732686
lstmdtfai,S,3,100,1,400,400,400,1,48,9,307254.62,19311.35738
lstmdtfai,S,3,100,1,400,400,400,1,48,11,277146.46,1281.67266
lstmdtfai,S,3,100,1,400,400,400,1,48,17,277148.52,734.0719104
lstmdtfai,S,3,100,1,400,400,400,1,48,15,275597.94,625.0238207
lstmdtfai,S,3,100,1,400,400,400,1,48,9,276393.22,986.0823959
lstmdtfai,S,3,100,1,224,224,224,1,48,5,51068.2,2380.910599
lstmdtfai,S,3,100,1,224,224,224,1,48,6,50300.76,108.587211
lstmdtfai,S,3,100,1,224,224,224,1,48,6,50206.4,123.5342867
lstmdtfai,S,3,100,1,224,224,224,1,48,5,50295.06,90.99525482
lstmdtfai,S,3,100,1,224,224,224,1,48,5,50261.42,116.1939912
lstmdtfai,S,3,100,1,550,550,550,1,48,12,1436204.84,3003.857855
lstmdtfai,S,3,100,1,550,550,550,1,48,16,1174906.26,269629.7209
lstmdtfai,S,3,100,1,550,550,550,1,48,14,1427930.24,3732.711554
lstmdtfai,S,3,100,1,550,550,550,1,48,20,1184789.44,210161.4488
lstmdtfai,S,3,100,1,550,550,550,1,48,17,1427527.5,3432.081795
lstmdtfai,D,3,100,1,64,64,64,1,10000,1,7115.44,725.6788039
lstmdtfai,D,3,100,1,64,64,64,1,10000,2,7004.64,81.707958
lstmdtfai,D,3,100,1,64,64,64,1,10000,2,7012.58,79.20684061
lstmdtfai,D,3,100,1,64,64,64,1,10000,2,7015.96,92.40172293
lstmdtfai,D,3,100,1,64,64,64,1,10000,2,7016.06,88.94906632
lstmdtfai,D,3,100,1,500,500,500,1,10000,13,2398084.02,661683.4429
lstmdtfai,D,3,100,1,500,500,500,1,10000,16,3120225.36,236087.8209
lstmdtfai,D,3,100,1,500,500,500,1,10000,16,2635171.3,262814.4864
lstmdtfai,D,3,100,1,500,500,500,1,10000,16,3256131.64,125918.3159
lstmdtfai,D,3,100,1,500,500,500,1,10000,15,2869314.52,497786.228
lstmdtfai,D,3,100,1,1000,1000,1000,1,10000,46,25037137.28,3907415.109
lstmdtfai,D,3,100,1,1000,1000,1000,1,10000,27,27523115.26,7077635.805
lstmdtfai,D,3,100,1,1000,1000,1000,1,10000,44,38790386.56,1587629.498
lstmdtfai,D,3,100,1,1000,1000,1000,1,10000,29,38677615.94,3559101.775
lstmdtfai,D,3,100,1,1000,1000,1000,1,10000,55,34898552.3,6446035.909
lstmdtfai,D,3,100,1,50,50,50,1,10000,2,4283.92,492.744958
lstmdtfai,D,3,100,1,50,50,50,1,10000,4,4220.02,51.09931115
lstmdtfai,D,3,100,1,50,50,50,1,10000,2,4216.16,48.53467214
lstmdtfai,D,3,100,1,50,50,50,1,10000,2,4202.66,45.46014078
lstmdtfai,D,3,100,1,50,50,50,1,10000,1,4205.66,46.76263893
lstmdtfai,D,3,100,1,288,288,288,1,10000,7,176359.38,887.487958
lstmdtfai,D,3,100,1,288,288,288,1,10000,8,177316.76,14849.72985
lstmdtfai,D,3,100,1,288,288,288,1,10000,9,181483.96,9754.24052
lstmdtfai,D,3,100,1,288,288,288,1,10000,8,175320.64,358.7388889
lstmdtfai,D,3,100,1,288,288,288,1,10000,8,174856.32,524.0674934
lstmdtfai,D,3,100,1,192,192,192,1,10000,5,57832.56,871.4703474
lstmdtfai,D,3,100,1,192,192,192,1,10000,6,58134.52,111.9228734
lstmdtfai,D,3,100,1,192,192,192,1,10000,5,58964.4,3405.92546
lstmdtfai,D,3,100,1,192,192,192,1,10000,6,57835.7,81.82157417
lstmdtfai,D,3,100,1,192,192,192,1,10000,6,57783.38,116.2517768
lstmdtfai,D,3,100,1,160,160,160,1,10000,5,32899.12,1401.435116
lstmdtfai,D,3,100,1,160,160,160,1,10000,5,33049.44,763.9404993
lstmdtfai,D,3,100,1,160,160,160,1,10000,5,33083.54,817.4353604
lstmdtfai,D,3,100,1,160,160,160,1,10000,5,33076.58,733.5602795
lstmdtfai,D,3,100,1,160,160,160,1,10000,5,34183.18,1756.077671
lstmdtfai,D,3,100,1,350,350,350,1,10000,9,379335.02,10330.21202
lstmdtfai,D,3,100,1,350,350,350,1,10000,11,375143.58,496.0093181
lstmdtfai,D,3,100,1,350,350,350,1,10000,11,378148.08,7961.609862
lstmdtfai,D,3,100,1,350,350,350,1,10000,11,374504.46,375.0416622
lstmdtfai,D,3,100,1,350,350,350,1,10000,11,374742.02,394.8195785
lstmdtfai,D,3,100,1,96,96,96,1,10000,2,12923.66,1190.455873
lstmdtfai,D,3,100,1,96,96,96,1,10000,3,12758.52,32.38656512
lstmdtfai,D,3,100,1,96,96,96,1,10000,3,12758.3,49.37782903
lstmdtfai,D,3,100,1,96,96,96,1,10000,2,12784.12,51.32431782
lstmdtfai,D,3,100,1,96,96,96,1,10000,3,12813.32,40.60218713
lstmdtfai,D,3,100,1,128,128,128,1,10000,4,29407.42,1050.830816
lstmdtfai,D,3,100,1,128,128,128,1,10000,4,29272.38,561.6929727
lstmdtfai,D,3,100,1,128,128,128,1,10000,4,28986.88,265.7768718
lstmdtfai,D,3,100,1,128,128,128,1,10000,4,28899.92,267.3462803
lstmdtfai,D,3,100,1,128,128,128,1,10000,4,28949.82,298.5991085
lstmdtfai,D,3,100,1,150,150,150,1,10000,5,29423.14,1226.635871
lstmdtfai,D,3,100,1,150,150,150,1,10000,5,29494.12,612.2764617
lstmdtfai,D,3,100,1,150,150,150,1,10000,5,29578.14,536.1515461
lstmdtfai,D,3,100,1,150,150,150,1,10000,4,30011.5,809.0258154
lstmdtfai,D,3,100,1,150,150,150,1,10000,5,29801.4,760.3554695
lstmdtfai,D,3,100,1,250,250,250,1,10000,6,127513.58,1762.985174
lstmdtfai,D,3,100,1,250,250,250,1,10000,7,128322.98,3855.376617
lstmdtfai,D,3,100,1,250,250,250,1,10000,7,128223.06,2449.180193
lstmdtfai,D,3,100,1,250,250,250,1,10000,7,127259.72,219.0934084
lstmdtfai,D,3,100,1,250,250,250,1,10000,7,127624.02,258.5140994
lstmdtfai,D,3,100,1,300,300,300,1,10000,8,218712.94,957.8814626
lstmdtfai,D,3,100,1,300,300,300,1,10000,9,221045.72,8310.818063
lstmdtfai,D,3,100,1,300,300,300,1,10000,9,217764.1,302.3846722
lstmdtfai,D,3,100,1,300,300,300,1,10000,9,217752.18,347.1094173
lstmdtfai,D,3,100,1,300,300,300,1,10000,9,218055.38,1606.47669
lstmdtfai,D,3,100,1,600,600,600,1,10000,22,4036736.96,823554.7304
lstmdtfai,D,3,100,1,600,600,600,1,10000,19,4223571.88,1316612.623
lstmdtfai,D,3,100,1,600,600,600,1,10000,34,5716006.64,696969.8744
lstmdtfai,D,3,100,1,600,600,600,1,10000,20,5941740.84,175196.7719
lstmdtfai,D,3,100,1,600,600,600,1,10000,20,5936421.66,190483.9526
lstmdtfai,D,3,100,1,800,800,800,1,10000,71,13337552.74,2133097.898
lstmdtfai,D,3,100,1,800,800,800,1,10000,22,15008216,3968470.076
lstmdtfai,D,3,100,1,800,800,800,1,10000,22,16545797.16,3318838.866
lstmdtfai,D,3,100,1,800,800,800,1,10000,22,19004646.3,496540.6616
lstmdtfai,D,3,100,1,800,800,800,1,10000,23,18851789.9,261877.4627
lstmdtfai,D,3,100,1,200,200,200,1,10000,5,81122.06,4433.939812
lstmdtfai,D,3,100,1,200,200,200,1,10000,6,72051.62,126.6809994
lstmdtfai,D,3,100,1,200,200,200,1,10000,6,71780.12,114.8765668
lstmdtfai,D,3,100,1,200,200,200,1,10000,5,72149.6,269.2262989
lstmdtfai,D,3,100,1,200,200,200,1,10000,5,71883.1,122.7405801
lstmdtfai,D,3,100,1,100,100,100,1,10000,3,19122.22,868.6935315
lstmdtfai,D,3,100,1,100,100,100,1,10000,4,19005.02,77.18354488
lstmdtfai,D,3,100,1,100,100,100,1,10000,3,18980.24,90.48039788
lstmdtfai,D,3,100,1,100,100,100,1,10000,3,18978.22,79.12655433
lstmdtfai,D,3,100,1,100,100,100,1,10000,3,19015.1,62.85896913
lstmdtfai,D,3,100,1,450,450,450,1,10000,11,1684181.12,27593.87961
lstmdtfai,D,3,100,1,450,450,450,1,10000,14,1172114.32,334455.2791
lstmdtfai,D,3,100,1,450,450,450,1,10000,14,1674237.76,4712.950136
lstmdtfai,D,3,100,1,450,450,450,1,10000,14,1371860.54,197635.8473
lstmdtfai,D,3,100,1,450,450,450,1,10000,15,1673643.12,7932.051439
lstmdtfai,D,3,100,1,256,256,256,1,10000,6,159976.22,6851.179663
lstmdtfai,D,3,100,1,256,256,256,1,10000,8,158386.8,324.9129114
lstmdtfai,D,3,100,1,256,256,256,1,10000,8,158290.7,438.9243785
lstmdtfai,D,3,100,1,256,256,256,1,10000,8,158348.4,286.7046564
lstmdtfai,D,3,100,1,256,256,256,1,10000,7,158076.98,288.4243048
lstmdtfai,D,3,100,1,400,400,400,1,10000,10,856933.06,2997.928521
lstmdtfai,D,3,100,1,400,400,400,1,10000,13,857528.7,2620.489117
lstmdtfai,D,3,100,1,400,400,400,1,10000,14,804598.88,77974.66155
lstmdtfai,D,3,100,1,400,400,400,1,10000,13,856325.06,2779.64811
lstmdtfai,D,3,100,1,400,400,400,1,10000,12,861808.06,2534.074564
lstmdtfai,D,3,100,1,224,224,224,1,10000,5,84406.92,567.6736682
lstmdtfai,D,3,100,1,224,224,224,1,10000,7,84049.92,119.2808182
lstmdtfai,D,3,100,1,224,224,224,1,10000,6,84515.76,112.0329523
lstmdtfai,D,3,100,1,224,224,224,1,10000,6,84254.4,349.0585051
lstmdtfai,D,3,100,1,224,224,224,1,10000,7,84584.94,110.9350098
lstmdtfai,D,3,100,1,550,550,550,1,10000,17,2614146.76,747554.5692
lstmdtfai,D,3,100,1,550,550,550,1,10000,19,2518051.88,756706.9503
lstmdtfai,D,3,100,1,550,550,550,1,10000,17,2649479.16,371133.9686
lstmdtfai,D,3,100,1,550,550,550,1,10000,16,4276837.84,221630.7251
lstmdtfai,D,3,100,1,550,550,550,1,10000,16,4375385.54,248146.5376
lstmdtfai,D,3,100,1,64,64,64,1,16,2,7821.46,1846.50704
lstmdtfai,D,3,100,1,64,64,64,1,16,2,7466.8,64.92303135
lstmdtfai,D,3,100,1,64,64,64,1,16,2,7465.16,64.36531985
lstmdtfai,D,3,100,1,64,64,64,1,16,2,7473.4,73.42506384
lstmdtfai,D,3,100,1,64,64,64,1,16,2,7483.68,68.48662351
lstmdtfai,D,3,100,1,500,500,500,1,16,13,2779602.36,851051.0892
lstmdtfai,D,3,100,1,500,500,500,1,16,16,2350308.66,466605.1041
lstmdtfai,D,3,100,1,500,500,500,1,16,15,2180941.46,301257.1188
lstmdtfai,D,3,100,1,500,500,500,1,16,15,2635013.5,406867.271
lstmdtfai,D,3,100,1,500,500,500,1,16,15,3010345.7,18548.6382
lstmdtfai,D,3,100,1,1000,1000,1000,1,16,45,22019216.6,2754982.103
lstmdtfai,D,3,100,1,1000,1000,1000,1,16,26,21438317.14,6170144.827
lstmdtfai,D,3,100,1,1000,1000,1000,1,16,42,33187202.88,1026899.983
lstmdtfai,D,3,100,1,1000,1000,1000,1,16,29,26223097.72,7304666.662
lstmdtfai,D,3,100,1,1000,1000,1000,1,16,27,31218537.24,5369165.859
lstmdtfai,D,3,100,1,50,50,50,1,16,1,4187.4,703.3638603
lstmdtfai,D,3,100,1,50,50,50,1,16,4,4056.2,51.10929465
lstmdtfai,D,3,100,1,50,50,50,1,16,2,4048.5,53.33263541
lstmdtfai,D,3,100,1,50,50,50,1,16,2,4003.12,57.46151408
lstmdtfai,D,3,100,1,50,50,50,1,16,2,4002.1,60.12961001
lstmdtfai,D,3,100,1,288,288,288,1,16,7,180091.84,4446.668575
lstmdtfai,D,3,100,1,288,288,288,1,16,8,178151.82,277.7464808
lstmdtfai,D,3,100,1,288,288,288,1,16,8,178104.84,315.5711875
lstmdtfai,D,3,100,1,288,288,288,1,16,7,180418.94,7820.878031
lstmdtfai,D,3,100,1,288,288,288,1,16,8,179369.88,657.0058338
lstmdtfai,D,3,100,1,192,192,192,1,16,5,59469.2,1733.285354
lstmdtfai,D,3,100,1,192,192,192,1,16,6,57292.18,158.4326595
lstmdtfai,D,3,100,1,192,192,192,1,16,6,56863.94,111.6910757
lstmdtfai,D,3,100,1,192,192,192,1,16,5,57133.68,103.5643645
lstmdtfai,D,3,100,1,192,192,192,1,16,5,56823.7,106.3583095
lstmdtfai,D,3,100,1,160,160,160,1,16,5,31900.44,1525.625382
lstmdtfai,D,3,100,1,160,160,160,1,16,5,32940.42,2055.882819
lstmdtfai,D,3,100,1,160,160,160,1,16,5,32564.94,953.4204615
lstmdtfai,D,3,100,1,160,160,160,1,16,5,32379.62,707.8713694
lstmdtfai,D,3,100,1,160,160,160,1,16,4,35101.88,2141.220247
lstmdtfai,D,3,100,1,350,350,350,1,16,9,397037.58,7284.946336
lstmdtfai,D,3,100,1,350,350,350,1,16,12,394110.36,2038.13125
lstmdtfai,D,3,100,1,350,350,350,1,16,11,394267.98,751.2444207
lstmdtfai,D,3,100,1,350,350,350,1,16,11,393987.52,1309.204907
lstmdtfai,D,3,100,1,350,350,350,1,16,10,395059.06,2629.702929
lstmdtfai,D,3,100,1,96,96,96,1,16,3,11562.76,807.6114551
lstmdtfai,D,3,100,1,96,96,96,1,16,3,11468.02,146.5434393
lstmdtfai,D,3,100,1,96,96,96,1,16,3,11449.72,31.70302194
lstmdtfai,D,3,100,1,96,96,96,1,16,3,11516.32,30.91500607
lstmdtfai,D,3,100,1,96,96,96,1,16,3,11527.76,39.64823325
lstmdtfai,D,3,100,1,128,128,128,1,16,4,20703.72,1115.301682
lstmdtfai,D,3,100,1,128,128,128,1,16,4,21176.94,366.6556101
lstmdtfai,D,3,100,1,128,128,128,1,16,5,21120.62,315.4732883
lstmdtfai,D,3,100,1,128,128,128,1,16,4,21110.6,314.1552482
lstmdtfai,D,3,100,1,128,128,128,1,16,4,21087.88,306.1091727
lstmdtfai,D,3,100,1,150,150,150,1,16,4,31372.34,1514.749585
lstmdtfai,D,3,100,1,150,150,150,1,16,5,31626.06,663.766176
lstmdtfai,D,3,100,1,150,150,150,1,16,5,31626.56,588.4619328
lstmdtfai,D,3,100,1,150,150,150,1,16,4,31613.16,531.7538288
lstmdtfai,D,3,100,1,150,150,150,1,16,5,31863.48,591.3632467
lstmdtfai,D,3,100,1,250,250,250,1,16,7,134450.98,1286.564985
lstmdtfai,D,3,100,1,250,250,250,1,16,7,134695.16,291.4901961
lstmdtfai,D,3,100,1,250,250,250,1,16,7,134680.9,351.192554
lstmdtfai,D,3,100,1,250,250,250,1,16,7,134525.84,336.3840282
lstmdtfai,D,3,100,1,250,250,250,1,16,7,134689.88,2116.70606
lstmdtfai,D,3,100,1,300,300,300,1,16,8,211808.1,16365.87656
lstmdtfai,D,3,100,1,300,300,300,1,16,8,203812.98,446.7624644
lstmdtfai,D,3,100,1,300,300,300,1,16,8,204280.54,391.936281
lstmdtfai,D,3,100,1,300,300,300,1,16,8,203658.72,480.7492502
lstmdtfai,D,3,100,1,300,300,300,1,16,9,204156.92,313.7400096
lstmdtfai,D,3,100,1,600,600,600,1,16,23,3789640.24,932593.4634
lstmdtfai,D,3,100,1,600,600,600,1,16,19,3610779.7,651922.9179
lstmdtfai,D,3,100,1,600,600,600,1,16,35,5200847.54,1259090.166
lstmdtfai,D,3,100,1,600,600,600,1,16,17,5991892.32,274587.4404
lstmdtfai,D,3,100,1,600,600,600,1,16,17,5846385.34,209996.9126
lstmdtfai,D,3,100,1,800,800,800,1,16,30,12693563.1,2051753.836
lstmdtfai,D,3,100,1,800,800,800,1,16,23,11535350.16,1206860.513
lstmdtfai,D,3,100,1,800,800,800,1,16,23,14512420.1,2711618.416
lstmdtfai,D,3,100,1,800,800,800,1,16,22,14393123.08,2869013.59
lstmdtfai,D,3,100,1,800,800,800,1,16,23,18302578.32,318704.945
lstmdtfai,D,3,100,1,200,200,200,1,16,5,66197.76,3291.026475
lstmdtfai,D,3,100,1,200,200,200,1,16,12,64634.64,147.21138
lstmdtfai,D,3,100,1,200,200,200,1,16,33,64640.6,117.8984309
lstmdtfai,D,3,100,1,200,200,200,1,16,5,64838.82,424.82216
lstmdtfai,D,3,100,1,200,200,200,1,16,5,64573.42,151.092434
lstmdtfai,D,3,100,1,100,100,100,1,16,3,13958.8,907.5829659
lstmdtfai,D,3,100,1,100,100,100,1,16,3,13821.66,39.99130405
lstmdtfai,D,3,100,1,100,100,100,1,16,2,13833.3,44.75455284
lstmdtfai,D,3,100,1,100,100,100,1,16,3,13847.86,35.83239317
lstmdtfai,D,3,100,1,100,100,100,1,16,3,13861.5,32.28451641
lstmdtfai,D,3,100,1,450,450,450,1,16,12,1419101.7,162666.5656
lstmdtfai,D,3,100,1,450,450,450,1,16,16,1497351.12,132995.7846
lstmdtfai,D,3,100,1,450,450,450,1,16,14,1579537.24,5831.085441
lstmdtfai,D,3,100,1,450,450,450,1,16,14,1071117.68,272798.5663
lstmdtfai,D,3,100,1,450,450,450,1,16,14,1591002.64,34027.5501
lstmdtfai,D,3,100,1,256,256,256,1,16,6,182191.92,1891.581242
lstmdtfai,D,3,100,1,256,256,256,1,16,8,181272.86,1077.896693
lstmdtfai,D,3,100,1,256,256,256,1,16,7,181696.4,498.6488143
lstmdtfai,D,3,100,1,256,256,256,1,16,8,181113.5,483.795835
lstmdtfai,D,3,100,1,256,256,256,1,16,7,180833,419.649997
lstmdtfai,D,3,100,1,400,400,400,1,16,10,751597.62,26520.57517
lstmdtfai,D,3,100,1,400,400,400,1,16,12,745273.08,17816.62259
lstmdtfai,D,3,100,1,400,400,400,1,16,12,652185.5,66193.54995
lstmdtfai,D,3,100,1,400,400,400,1,16,14,732522.38,2006.04295
lstmdtfai,D,3,100,1,400,400,400,1,16,11,731635.16,3597.05621
lstmdtfai,D,3,100,1,224,224,224,1,16,5,87405.36,942.2126248
lstmdtfai,D,3,100,1,224,224,224,1,16,7,88340.54,269.0272261
lstmdtfai,D,3,100,1,224,224,224,1,16,6,88395.54,2959.355418
lstmdtfai,D,3,100,1,224,224,224,1,16,6,88365.02,230.4839682
lstmdtfai,D,3,100,1,224,224,224,1,16,6,88020.96,260.6102807
lstmdtfai,D,3,100,1,550,550,550,1,16,19,2703090.66,673214.5455
lstmdtfai,D,3,100,1,550,550,550,1,16,23,2878022.16,557958.8321
lstmdtfai,D,3,100,1,550,550,550,1,16,16,3123544.64,917689.4549
lstmdtfai,D,3,100,1,550,550,550,1,16,16,3495095.92,711304.928
lstmdtfai,D,3,100,1,550,550,550,1,16,19,4065958.04,77745.15826
lstmdtfai,D,3,100,1,64,64,64,1,64,4,7147.94,803.6011799
lstmdtfai,D,3,100,1,64,64,64,1,64,2,7077.14,113.7205364
lstmdtfai,D,3,100,1,64,64,64,1,64,2,7027.28,115.174136
lstmdtfai,D,3,100,1,64,64,64,1,64,2,7066.7,132.7345095
lstmdtfai,D,3,100,1,64,64,64,1,64,2,7048.3,115.3374614
lstmdtfai,D,3,100,1,500,500,500,1,64,13,3117063.18,240890.5761
lstmdtfai,D,3,100,1,500,500,500,1,64,16,3223383.46,272981.936
lstmdtfai,D,3,100,1,500,500,500,1,64,15,2477999.74,505486.6867
lstmdtfai,D,3,100,1,500,500,500,1,64,15,2749971.1,421060.5332
lstmdtfai,D,3,100,1,500,500,500,1,64,16,3075703.94,208285.8567
lstmdtfai,D,3,100,1,1000,1000,1000,1,64,38,25349113.44,3754416.204
lstmdtfai,D,3,100,1,1000,1000,1000,1,64,27,27423147.1,6546418.88
lstmdtfai,D,3,100,1,1000,1000,1000,1,64,42,26256519.62,4024516.091
lstmdtfai,D,3,100,1,1000,1000,1000,1,64,29,36253107.86,6460528.86
lstmdtfai,D,3,100,1,1000,1000,1000,1,64,29,39472082.38,1335924.803
lstmdtfai,D,3,100,1,50,50,50,1,64,3,4186.96,411.5773541
lstmdtfai,D,3,100,1,50,50,50,1,64,2,4102.56,44.88659488
lstmdtfai,D,3,100,1,50,50,50,1,64,3,4102.4,47.5175757
lstmdtfai,D,3,100,1,50,50,50,1,64,1,4098.78,50.35366521
lstmdtfai,D,3,100,1,50,50,50,1,64,1,4095.3,49.34338861
lstmdtfai,D,3,100,1,288,288,288,1,64,7,177302.44,4714.534782
lstmdtfai,D,3,100,1,288,288,288,1,64,10,175978.2,391.3982115
lstmdtfai,D,3,100,1,288,288,288,1,64,8,177821.92,7398.08759
lstmdtfai,D,3,100,1,288,288,288,1,64,8,176012.16,334.3345247
lstmdtfai,D,3,100,1,288,288,288,1,64,8,177297.18,6527.593513
lstmdtfai,D,3,100,1,192,192,192,1,64,5,58055.72,758.9196542
lstmdtfai,D,3,100,1,192,192,192,1,64,6,58501.6,121.9740956
lstmdtfai,D,3,100,1,192,192,192,1,64,5,59113.7,2184.652799
lstmdtfai,D,3,100,1,192,192,192,1,64,5,59324.2,2809.281866
lstmdtfai,D,3,100,1,192,192,192,1,64,6,58141.54,115.4509783
lstmdtfai,D,3,100,1,160,160,160,1,64,4,38767.92,2059.008342
lstmdtfai,D,3,100,1,160,160,160,1,64,6,36416,1727.509988
lstmdtfai,D,3,100,1,160,160,160,1,64,5,36576.1,1541.694162
lstmdtfai,D,3,100,1,160,160,160,1,64,5,35625.3,842.8558892
lstmdtfai,D,3,100,1,160,160,160,1,64,5,35650.22,869.7454177
lstmdtfai,D,3,100,1,350,350,350,1,64,9,379642.68,1066.263991
lstmdtfai,D,3,100,1,350,350,350,1,64,11,389381.28,19954.06908
lstmdtfai,D,3,100,1,350,350,350,1,64,11,383709.98,618.1237575
lstmdtfai,D,3,100,1,350,350,350,1,64,11,381121.06,352.7618126
lstmdtfai,D,3,100,1,350,350,350,1,64,11,383968.68,2100.130848
lstmdtfai,D,3,100,1,96,96,96,1,64,3,10950.06,1015.081778
lstmdtfai,D,3,100,1,96,96,96,1,64,8,10810.24,41.24102812
lstmdtfai,D,3,100,1,96,96,96,1,64,3,10793.9,27.78290842
lstmdtfai,D,3,100,1,96,96,96,1,64,3,10871.74,67.97641061
lstmdtfai,D,3,100,1,96,96,96,1,64,3,10901.24,31.383792
lstmdtfai,D,3,100,1,128,128,128,1,64,4,27009.18,1335.407648
lstmdtfai,D,3,100,1,128,128,128,1,64,4,27110,421.5997628
lstmdtfai,D,3,100,1,128,128,128,1,64,4,26971.06,415.2320994
lstmdtfai,D,3,100,1,128,128,128,1,64,5,27309.3,391.7348721
lstmdtfai,D,3,100,1,128,128,128,1,64,4,26966.4,362.0432571
lstmdtfai,D,3,100,1,150,150,150,1,64,6,32824.58,1576.156199
lstmdtfai,D,3,100,1,150,150,150,1,64,5,32661.62,577.1029679
lstmdtfai,D,3,100,1,150,150,150,1,64,5,33293.66,1159.376705
lstmdtfai,D,3,100,1,150,150,150,1,64,5,32537.86,667.2549741
lstmdtfai,D,3,100,1,150,150,150,1,64,5,32539.28,629.5602287
lstmdtfai,D,3,100,1,250,250,250,1,64,6,126905.68,834.8737255
lstmdtfai,D,3,100,1,250,250,250,1,64,8,127852.42,242.3103044
lstmdtfai,D,3,100,1,250,250,250,1,64,7,127030.32,293.1940954
lstmdtfai,D,3,100,1,250,250,250,1,64,7,128150.94,341.5484979
lstmdtfai,D,3,100,1,250,250,250,1,64,7,127374,307.6858788
lstmdtfai,D,3,100,1,300,300,300,1,64,8,216701.74,946.935601
lstmdtfai,D,3,100,1,300,300,300,1,64,9,216048.48,676.482882
lstmdtfai,D,3,100,1,300,300,300,1,64,9,217181.8,2001.545873
lstmdtfai,D,3,100,1,300,300,300,1,64,9,218308.14,9435.144474
lstmdtfai,D,3,100,1,300,300,300,1,64,10,218630.62,8198.131323
lstmdtfai,D,3,100,1,600,600,600,1,64,54,3999107.18,914441.2812
lstmdtfai,D,3,100,1,600,600,600,1,64,19,4954759.44,1312748.739
lstmdtfai,D,3,100,1,600,600,600,1,64,18,5458922.68,993607.1108
lstmdtfai,D,3,100,1,600,600,600,1,64,18,5996721.84,210716.2065
lstmdtfai,D,3,100,1,600,600,600,1,64,18,6048528.16,218108.5791
lstmdtfai,D,3,100,1,800,800,800,1,64,32,12359444.38,1905208.76
lstmdtfai,D,3,100,1,800,800,800,1,64,23,12849438.36,2331877.063
lstmdtfai,D,3,100,1,800,800,800,1,64,22,18879920.52,322879.5029
lstmdtfai,D,3,100,1,800,800,800,1,64,22,18915309.72,219610.2014
lstmdtfai,D,3,100,1,800,800,800,1,64,24,18863525.88,323546.0735
lstmdtfai,D,3,100,1,200,200,200,1,64,5,71505.34,467.6832522
lstmdtfai,D,3,100,1,200,200,200,1,64,6,71688.8,148.974763
lstmdtfai,D,3,100,1,200,200,200,1,64,6,73077.74,4278.775544
lstmdtfai,D,3,100,1,200,200,200,1,64,5,71532.04,167.4756054
lstmdtfai,D,3,100,1,200,200,200,1,64,5,71746.78,401.3114147
lstmdtfai,D,3,100,1,100,100,100,1,64,3,18106.76,722.1953353
lstmdtfai,D,3,100,1,100,100,100,1,64,3,18033.76,63.89289788
lstmdtfai,D,3,100,1,100,100,100,1,64,2,18026.66,74.34557418
lstmdtfai,D,3,100,1,100,100,100,1,64,3,18018.28,99.50679173
lstmdtfai,D,3,100,1,100,100,100,1,64,3,18009.78,73.3526523
lstmdtfai,D,3,100,1,450,450,450,1,64,11,1667958.34,20552.32482
lstmdtfai,D,3,100,1,450,450,450,1,64,14,1500092.6,86000.9061
lstmdtfai,D,3,100,1,450,450,450,1,64,14,1518630.26,154212.5401
lstmdtfai,D,3,100,1,450,450,450,1,64,14,1586953.92,194658.7379
lstmdtfai,D,3,100,1,450,450,450,1,64,13,1755861.54,54099.13306
lstmdtfai,D,3,100,1,256,256,256,1,64,6,158010.7,3686.294564
lstmdtfai,D,3,100,1,256,256,256,1,64,8,157758.54,2288.189513
lstmdtfai,D,3,100,1,256,256,256,1,64,7,157412.26,371.3200135
lstmdtfai,D,3,100,1,256,256,256,1,64,8,157229.42,342.6153581
lstmdtfai,D,3,100,1,256,256,256,1,64,7,157350.9,302.4521284
lstmdtfai,D,3,100,1,400,400,400,1,64,11,859734.18,17343.47126
lstmdtfai,D,3,100,1,400,400,400,1,64,14,947183.9,34494.61515
lstmdtfai,D,3,100,1,400,400,400,1,64,13,564517.36,114379.4634
lstmdtfai,D,3,100,1,400,400,400,1,64,13,858578.9,2877.416051
lstmdtfai,D,3,100,1,400,400,400,1,64,12,751409.64,94901.69114
lstmdtfai,D,3,100,1,224,224,224,1,64,5,85086.36,703.0376593
lstmdtfai,D,3,100,1,224,224,224,1,64,7,85275.18,152.0561331
lstmdtfai,D,3,100,1,224,224,224,1,64,6,86485.4,3773.718251
lstmdtfai,D,3,100,1,224,224,224,1,64,7,85174.94,154.9622419
lstmdtfai,D,3,100,1,224,224,224,1,64,6,85113.34,177.2337
lstmdtfai,D,3,100,1,550,550,550,1,64,18,2969693.4,581403.7619
lstmdtfai,D,3,100,1,550,550,550,1,64,17,2680001.52,855821.6269
lstmdtfai,D,3,100,1,550,550,550,1,64,17,2991352.8,587427.4025
lstmdtfai,D,3,100,1,550,550,550,1,64,17,3588929.74,452563.7345
lstmdtfai,D,3,100,1,550,550,550,1,64,17,4389261.72,251359.1861
lstmdtfai,D,3,100,1,64,64,64,1,32,1,7167.66,643.6360652
lstmdtfai,D,3,100,1,64,64,64,1,32,2,7043.2,83.94355246
lstmdtfai,D,3,100,1,64,64,64,1,32,3,7059.78,93.05574458
lstmdtfai,D,3,100,1,64,64,64,1,32,2,7061.64,85.20041314
lstmdtfai,D,3,100,1,64,64,64,1,32,2,7107.46,82.35659294
lstmdtfai,D,3,100,1,500,500,500,1,32,13,2813762.14,565936.2291
lstmdtfai,D,3,100,1,500,500,500,1,32,16,2628216.96,398441.2796
lstmdtfai,D,3,100,1,500,500,500,1,32,15,2946587.46,394010.1021
lstmdtfai,D,3,100,1,500,500,500,1,32,14,3026461.04,425918.4656
lstmdtfai,D,3,100,1,500,500,500,1,32,15,3253148.48,23025.56876
lstmdtfai,D,3,100,1,1000,1000,1000,1,32,36,25432546.3,3604527.415
lstmdtfai,D,3,100,1,1000,1000,1000,1,32,26,32186700.7,8693678.854
lstmdtfai,D,3,100,1,1000,1000,1000,1,32,44,39639037.96,132818.5379
lstmdtfai,D,3,100,1,1000,1000,1000,1,32,29,33278015.12,6674831.101
lstmdtfai,D,3,100,1,50,50,50,1,32,3,4371.84,397.6506185
lstmdtfai,D,3,100,1,50,50,50,1,32,3,4287.12,49.92099358
lstmdtfai,D,3,100,1,50,50,50,1,32,2,4298.18,49.308697
lstmdtfai,D,3,100,1,50,50,50,1,32,2,4300.42,50.68139304
lstmdtfai,D,3,100,1,50,50,50,1,32,2,4295.28,52.95735643
lstmdtfai,D,3,100,1,288,288,288,1,32,7,175083.42,728.5450182
lstmdtfai,D,3,100,1,288,288,288,1,32,9,175503.68,825.8622994
lstmdtfai,D,3,100,1,288,288,288,1,32,8,175133.92,348.9155107
lstmdtfai,D,3,100,1,288,288,288,1,32,14,175304.4,343.0745109
lstmdtfai,D,3,100,1,288,288,288,1,32,8,175157.9,300.0070832
lstmdtfai,D,3,100,1,192,192,192,1,32,5,60084.58,3910.720594
lstmdtfai,D,3,100,1,192,192,192,1,32,6,59041.98,128.9166382
lstmdtfai,D,3,100,1,192,192,192,1,32,6,58944.3,127.3768032
lstmdtfai,D,3,100,1,192,192,192,1,32,6,59017.74,123.6146933
lstmdtfai,D,3,100,1,192,192,192,1,32,6,58956.5,121.2922504
lstmdtfai,D,3,100,1,160,160,160,1,32,5,36109.98,1266.908907
lstmdtfai,D,3,100,1,160,160,160,1,32,5,36148.7,791.8928273
lstmdtfai,D,3,100,1,160,160,160,1,32,5,36133.28,849.9305393
lstmdtfai,D,3,100,1,160,160,160,1,32,5,36145.92,762.7659101
lstmdtfai,D,3,100,1,160,160,160,1,32,5,36100.44,716.3820255
lstmdtfai,D,3,100,1,350,350,350,1,32,9,381621.94,6754.000075
lstmdtfai,D,3,100,1,350,350,350,1,32,11,383652.98,1920.989458
lstmdtfai,D,3,100,1,350,350,350,1,32,10,380555.56,1127.619673
lstmdtfai,D,3,100,1,350,350,350,1,32,12,383134.36,844.9487028
lstmdtfai,D,3,100,1,350,350,350,1,32,11,380979.36,1922.882116
lstmdtfai,D,3,100,1,96,96,96,1,32,2,12657.2,999.8011202
lstmdtfai,D,3,100,1,96,96,96,1,32,3,12577.9,110.0787445
lstmdtfai,D,3,100,1,96,96,96,1,32,3,12558.94,68.75359191
lstmdtfai,D,3,100,1,96,96,96,1,32,3,12547.56,63.55632463
lstmdtfai,D,3,100,1,96,96,96,1,32,3,12502.7,31.52919282
lstmdtfai,D,3,100,1,128,128,128,1,32,4,27612.3,1405.951596
lstmdtfai,D,3,100,1,128,128,128,1,32,4,28010.28,304.6550206
lstmdtfai,D,3,100,1,128,128,128,1,32,5,27942.56,281.316488
lstmdtfai,D,3,100,1,128,128,128,1,32,4,27491.84,386.153615
lstmdtfai,D,3,100,1,128,128,128,1,32,4,27197.66,271.3701244
lstmdtfai,D,3,100,1,150,150,150,1,32,4,30640.78,1627.484775
lstmdtfai,D,3,100,1,150,150,150,1,32,4,32786.6,797.5972417
lstmdtfai,D,3,100,1,150,150,150,1,32,5,32836.58,1217.303661
lstmdtfai,D,3,100,1,150,150,150,1,32,5,30753.52,583.5268714
lstmdtfai,D,3,100,1,150,150,150,1,32,5,30751.28,629.7703086
lstmdtfai,D,3,100,1,250,250,250,1,32,6,131985.98,9918.585991
lstmdtfai,D,3,100,1,250,250,250,1,32,8,128531.74,187.4816055
lstmdtfai,D,3,100,1,250,250,250,1,32,7,128716.02,674.1313074
lstmdtfai,D,3,100,1,250,250,250,1,32,8,128542.14,309.8517071
lstmdtfai,D,3,100,1,250,250,250,1,32,7,129161.08,275.2820256
lstmdtfai,D,3,100,1,300,300,300,1,32,8,218505.02,717.2302138
lstmdtfai,D,3,100,1,300,300,300,1,32,9,218309.96,1595.132333
lstmdtfai,D,3,100,1,300,300,300,1,32,9,218382.62,374.917265
lstmdtfai,D,3,100,1,300,300,300,1,32,9,217865.58,1597.141448
lstmdtfai,D,3,100,1,300,300,300,1,32,9,218450.68,322.7117252
lstmdtfai,D,3,100,1,600,600,600,1,32,25,3937633.88,1065533.947
lstmdtfai,D,3,100,1,600,600,600,1,32,18,3809413.58,806583.2981
lstmdtfai,D,3,100,1,600,600,600,1,32,20,5197886.26,1263617.288
lstmdtfai,D,3,100,1,600,600,600,1,32,18,5935309.68,189757.6022
lstmdtfai,D,3,100,1,600,600,600,1,32,23,5989378.94,159639.0831
lstmdtfai,D,3,100,1,800,800,800,1,32,25,14000567.2,2228766.625
lstmdtfai,D,3,100,1,800,800,800,1,32,24,18989598,194104.0511
lstmdtfai,D,3,100,1,800,800,800,1,32,22,12690822.46,2845872.172
lstmdtfai,D,3,100,1,800,800,800,1,32,23,18909814.4,293003.0146
lstmdtfai,D,3,100,1,800,800,800,1,32,22,14629236.9,2213810.695
lstmdtfai,D,3,100,1,200,200,200,1,32,5,78256.74,5062.647698
lstmdtfai,D,3,100,1,200,200,200,1,32,6,72493.4,3043.470092
lstmdtfai,D,3,100,1,200,200,200,1,32,5,71791.22,149.4238656
lstmdtfai,D,3,100,1,200,200,200,1,32,5,71591.44,112.097843
lstmdtfai,D,3,100,1,200,200,200,1,32,5,71745.96,107.0945302
lstmdtfai,D,3,100,1,100,100,100,1,32,3,18180.54,985.7170225
lstmdtfai,D,3,100,1,100,100,100,1,32,3,18041.54,75.94424534
lstmdtfai,D,3,100,1,100,100,100,1,32,3,18089.68,86.52894082
lstmdtfai,D,3,100,1,100,100,100,1,32,3,18136.2,69.19884392
lstmdtfai,D,3,100,1,100,100,100,1,32,3,18133.08,66.32219538
lstmdtfai,D,3,100,1,450,450,450,1,32,12,1676515.56,20316.45247
lstmdtfai,D,3,100,1,450,450,450,1,32,15,1254069.1,278301.1816
lstmdtfai,D,3,100,1,450,450,450,1,32,14,1607480.38,94014.12193
lstmdtfai,D,3,100,1,450,450,450,1,32,14,1522583.96,176647.4812
lstmdtfai,D,3,100,1,450,450,450,1,32,14,1518652.86,206424.4884
lstmdtfai,D,3,100,1,256,256,256,1,32,6,159548.1,9384.049517
lstmdtfai,D,3,100,1,256,256,256,1,32,8,166055.86,13002.65541
lstmdtfai,D,3,100,1,256,256,256,1,32,8,154939.34,4556.064137
lstmdtfai,D,3,100,1,256,256,256,1,32,9,160804.86,267.3203329
lstmdtfai,D,3,100,1,256,256,256,1,32,8,160682.36,293.2634829
lstmdtfai,D,3,100,1,400,400,400,1,32,10,857353.44,22128.11743
lstmdtfai,D,3,100,1,400,400,400,1,32,13,863094.58,19510.78995
lstmdtfai,D,3,100,1,400,400,400,1,32,12,801624.78,58884.95188
lstmdtfai,D,3,100,1,400,400,400,1,32,13,855790.08,2979.389178
lstmdtfai,D,3,100,1,400,400,400,1,32,12,857118.82,1116.284582
lstmdtfai,D,3,100,1,224,224,224,1,32,5,86044.7,3614.363021
lstmdtfai,D,3,100,1,224,224,224,1,32,8,86240.26,2932.038402
lstmdtfai,D,3,100,1,224,224,224,1,32,6,85668.8,169.6403254
lstmdtfai,D,3,100,1,224,224,224,1,32,27,85703.2,143.1062542
lstmdtfai,D,3,100,1,224,224,224,1,32,6,85707.96,138.2108476
lstmdtfai,D,3,100,1,550,550,550,1,32,17,2886482.52,784446.7004
lstmdtfai,D,3,100,1,550,550,550,1,32,16,2764584.62,707062.85
lstmdtfai,D,3,100,1,550,550,550,1,32,16,2346227.8,647880.0884
lstmdtfai,D,3,100,1,550,550,550,1,32,16,3026447.3,807766.5007
lstmdtfai,D,3,100,1,550,550,550,1,32,15,2860096.92,770000.4205
lstmdtfai,D,3,100,1,64,64,64,1,48,2,7268.88,671.4099386
lstmdtfai,D,3,100,1,64,64,64,1,48,2,7179.38,69.59738213
lstmdtfai,D,3,100,1,64,64,64,1,48,3,7180.36,57.89084902
lstmdtfai,D,3,100,1,64,64,64,1,48,2,7186.96,76.15141758
lstmdtfai,D,3,100,1,64,64,64,1,48,2,7171.38,79.98747152
lstmdtfai,D,3,100,1,500,500,500,1,48,12,2958891.9,514696.1713
lstmdtfai,D,3,100,1,500,500,500,1,48,16,2434841.68,782346.0575
lstmdtfai,D,3,100,1,500,500,500,1,48,17,3036086.34,375172.3149
lstmdtfai,D,3,100,1,500,500,500,1,48,15,3257588.18,5624.184235
lstmdtfai,D,3,100,1,500,500,500,1,48,15,2788965.46,292095.2064
lstmdtfai,D,3,100,1,1000,1000,1000,1,48,30,25085538.8,2890901.359
lstmdtfai,D,3,100,1,1000,1000,1000,1,48,26,27355326.2,3180775.15
lstmdtfai,D,3,100,1,1000,1000,1000,1,48,49,36075572.82,6738378.656
lstmdtfai,D,3,100,1,50,50,50,1,48,1,4266.5,415.130064
lstmdtfai,D,3,100,1,50,50,50,1,48,1,4185.76,46.57276457
lstmdtfai,D,3,100,1,50,50,50,1,48,1,4188.78,54.20305895
lstmdtfai,D,3,100,1,50,50,50,1,48,5,4182.86,51.4917508
lstmdtfai,D,3,100,1,50,50,50,1,48,1,4190.44,54.04744582
lstmdtfai,D,3,100,1,288,288,288,1,48,8,180789.76,12348.61142
lstmdtfai,D,3,100,1,288,288,288,1,48,8,176846.38,269.9284268
lstmdtfai,D,3,100,1,288,288,288,1,48,8,177393.04,248.1011858
lstmdtfai,D,3,100,1,288,288,288,1,48,8,176965.34,185.5942467
lstmdtfai,D,3,100,1,288,288,288,1,48,8,177061,247.6029887
lstmdtfai,D,3,100,1,192,192,192,1,48,5,59506.64,3483.846361
lstmdtfai,D,3,100,1,192,192,192,1,48,6,58767.62,110.1021144
lstmdtfai,D,3,100,1,192,192,192,1,48,6,58487.5,122.5791581
lstmdtfai,D,3,100,1,192,192,192,1,48,6,58622.84,129.1666149
lstmdtfai,D,3,100,1,192,192,192,1,48,6,58580.66,98.36963149
lstmdtfai,D,3,100,1,160,160,160,1,48,4,34088.18,1985.803965
lstmdtfai,D,3,100,1,160,160,160,1,48,6,32897.6,993.3407069
lstmdtfai,D,3,100,1,160,160,160,1,48,5,32708.34,785.2623411
lstmdtfai,D,3,100,1,160,160,160,1,48,6,32699.1,765.5304109
lstmdtfai,D,3,100,1,160,160,160,1,48,5,32704.92,739.0124178
lstmdtfai,D,3,100,1,350,350,350,1,48,9,383244.34,1042.989868
lstmdtfai,D,3,100,1,350,350,350,1,48,12,382965.08,893.9073294
lstmdtfai,D,3,100,1,350,350,350,1,48,11,383968.56,1990.305697
lstmdtfai,D,3,100,1,350,350,350,1,48,12,382969.3,1112.97562
lstmdtfai,D,3,100,1,350,350,350,1,48,11,383319.52,773.0160733
lstmdtfai,D,3,100,1,96,96,96,1,48,2,13491.74,988.5438343
lstmdtfai,D,3,100,1,96,96,96,1,48,3,13350.62,34.2583654
lstmdtfai,D,3,100,1,96,96,96,1,48,2,13397,57.14437855
lstmdtfai,D,3,100,1,96,96,96,1,48,2,13430.22,35.41823824
lstmdtfai,D,3,100,1,96,96,96,1,48,3,13427.02,42.12338543
lstmdtfai,D,3,100,1,128,128,128,1,48,3,25220.58,1163.86898
lstmdtfai,D,3,100,1,128,128,128,1,48,5,24990.92,356.3543652
lstmdtfai,D,3,100,1,128,128,128,1,48,4,25009.26,310.2217149
lstmdtfai,D,3,100,1,128,128,128,1,48,4,25006.44,304.7336647
lstmdtfai,D,3,100,1,128,128,128,1,48,4,25007.76,378.2610506
lstmdtfai,D,3,100,1,150,150,150,1,48,5,30356.44,1382.302516
lstmdtfai,D,3,100,1,150,150,150,1,48,5,30397.14,597.4315027
lstmdtfai,D,3,100,1,150,150,150,1,48,5,30494.18,728.3659435
lstmdtfai,D,3,100,1,150,150,150,1,48,5,30419.12,555.821829
lstmdtfai,D,3,100,1,150,150,150,1,48,5,30459.64,689.5681768
lstmdtfai,D,3,100,1,250,250,250,1,48,6,130438.34,5341.269117
lstmdtfai,D,3,100,1,250,250,250,1,48,7,128532.74,300.1342906
lstmdtfai,D,3,100,1,250,250,250,1,48,7,129046.42,292.2084934
lstmdtfai,D,3,100,1,250,250,250,1,48,7,128582.1,233.3530587
lstmdtfai,D,3,100,1,250,250,250,1,48,7,129720.48,322.7268343
lstmdtfai,D,3,100,1,300,300,300,1,48,7,221857.38,10206.44511
lstmdtfai,D,3,100,1,300,300,300,1,48,10,217888,1166.242822
lstmdtfai,D,3,100,1,300,300,300,1,48,9,218095.78,474.6472075
lstmdtfai,D,3,100,1,300,300,300,1,48,8,218285.62,1793.214609
lstmdtfai,D,3,100,1,300,300,300,1,48,9,218145.88,561.6043319
lstmdtfai,D,3,100,1,600,600,600,1,48,26,3791355.82,975980.092
lstmdtfai,D,3,100,1,600,600,600,1,48,18,4966652.68,1134218.9
lstmdtfai,D,3,100,1,600,600,600,1,48,19,5982546.42,127524.6415
lstmdtfai,D,3,100,1,600,600,600,1,48,18,5382611,1114823.591
lstmdtfai,D,3,100,1,600,600,600,1,48,18,5959884.32,184669.8273
lstmdtfai,D,3,100,1,800,800,800,1,48,86,13189312.66,2016490.191
lstmdtfai,D,3,100,1,800,800,800,1,48,22,15669944.82,3649815.887
lstmdtfai,D,3,100,1,800,800,800,1,48,24,17274096.04,2788060.966
lstmdtfai,D,3,100,1,800,800,800,1,48,22,18979533.8,409149.6118
lstmdtfai,D,3,100,1,800,800,800,1,48,23,18882903,229860.491
lstmdtfai,D,3,100,1,200,200,200,1,48,5,75539.42,4358.042795
lstmdtfai,D,3,100,1,200,200,200,1,48,5,72596.08,2336.427305
lstmdtfai,D,3,100,1,200,200,200,1,48,6,71847.76,117.3900439
lstmdtfai,D,3,100,1,200,200,200,1,48,5,71861.26,151.4545225
lstmdtfai,D,3,100,1,200,200,200,1,48,5,71948.6,120.0931305
lstmdtfai,D,3,100,1,100,100,100,1,48,2,17644.76,788.4314697
lstmdtfai,D,3,100,1,100,100,100,1,48,3,17548.54,86.33729438
lstmdtfai,D,3,100,1,100,100,100,1,48,3,17641.08,66.33003543
lstmdtfai,D,3,100,1,100,100,100,1,48,3,17723.14,122.6367009
lstmdtfai,D,3,100,1,100,100,100,1,48,3,17610.56,66.17043449
lstmdtfai,D,3,100,1,450,450,450,1,48,11,1684792.8,52823.5189
lstmdtfai,D,3,100,1,450,450,450,1,48,13,1097173.72,314647.8715
lstmdtfai,D,3,100,1,450,450,450,1,48,13,1591064.56,144345.2828
lstmdtfai,D,3,100,1,450,450,450,1,48,13,1673713.82,35663.4455
lstmdtfai,D,3,100,1,450,450,450,1,48,13,1280530.6,150821.079
lstmdtfai,D,3,100,1,256,256,256,1,48,6,156352.74,1451.933247
lstmdtfai,D,3,100,1,256,256,256,1,48,8,156535.28,978.0172399
lstmdtfai,D,3,100,1,256,256,256,1,48,7,156412.46,843.5835752
lstmdtfai,D,3,100,1,256,256,256,1,48,8,156764.58,1228.679406
lstmdtfai,D,3,100,1,256,256,256,1,48,8,156196.52,680.7504753
lstmdtfai,D,3,100,1,400,400,400,1,48,10,864419.34,8948.721693
lstmdtfai,D,3,100,1,400,400,400,1,48,13,852820.7,1032.740282
lstmdtfai,D,3,100,1,400,400,400,1,48,12,763742.7,113416.5541
lstmdtfai,D,3,100,1,400,400,400,1,48,15,848184.06,2502.014608
lstmdtfai,D,3,100,1,400,400,400,1,48,12,852628.22,19148.36431
lstmdtfai,D,3,100,1,224,224,224,1,48,5,85283.24,3734.059697
lstmdtfai,D,3,100,1,224,224,224,1,48,7,84153.2,169.6012972
lstmdtfai,D,3,100,1,224,224,224,1,48,6,84091.06,157.1071494
lstmdtfai,D,3,100,1,224,224,224,1,48,6,84067.68,127.1129325
lstmdtfai,D,3,100,1,224,224,224,1,48,6,84203.78,170.2763977
lstmdtfai,D,3,100,1,550,550,550,1,48,17,3055293.7,743042.8299
lstmdtfai,D,3,100,1,550,550,550,1,48,17,3096474.32,497444.791
lstmdtfai,D,3,100,1,550,550,550,1,48,17,4244879.54,197787.9478
lstmdtfai,D,3,100,1,550,550,550,1,48,16,2448978.7,348595.2212
lstmdtfai,D,3,100,1,550,550,550,1,48,16,4246991.7,200252.3262
